批次,slug,名称,原档位,文字齐备性,可编辑文化卡,展示切片,文化范围,物件材质,空间关系,过程变化,声画表现,变体选择,展示边界,来源对应,缺口,补写任务
C01,abruzzese-folk,阿布鲁佐民间天主教与朝圣祈福（Abruzzese）,C,明显不足,True,阿布鲁佐山村教堂公共朝圣外观,2,0,1,1,0,1,2,1,未选具体教堂；建筑形制、观看位置与访问过程不足；现有来源链接尚未逐主张对应所选公开切片；不能由链接列表确认上述形制、空间或过程。,选阿布鲁佐公开朝圣教堂，补外观材质、入口与观看区域关系及逐主张来源
C01,akha-traditional,阿卡族传统信仰与秋千节祈福（Akha）,C,部分齐备,True,清莱秋千外观上色致敬,2,1,1,1,1,1,2,1,秋千架形制材料、空间位置、原创完成状态欠缺；清莱具体社群秋千版本未选，公开外观主张缺来源对应。,补清莱公开秋千架构架、村寨位置和上色收尾及来源；选明确的阿卡社群公开秋千资料，逐条关联构架与节庆解释出处。
C01,aland-folk,奥兰民间基督教与群岛祈福（Åland）,C,部分齐备,True,奥兰群岛教堂中殿还愿船模型的公开外观介绍,2,1,2,1,0,1,2,1,船模材料、船体与悬挂部件未写；未选奥兰具体教堂实例,选定奥兰一所教堂的 Kyrkoskepp，补船体、桅帆和悬挂关系及观察范围，并关联来源
C01,albanian-folk,阿尔巴尼亚民间信仰与托莫尔山朝圣祈福（Albanian folk／Bektashi Tomorr）,C,部分齐备,True,托莫尔山风光与原创烛火致敬,2,1,1,1,1,2,2,1,托莫尔山山径圣所和烛火关系不明；烛具形制及终态不足；现有来源链接尚未逐主张对应所选公开切片；不能由链接列表确认上述形制、空间或过程。,补托莫尔山公开山径与原创烛具材质轮廓、摆放和暗到亮终态，关联事实来源
C01,amazigh-berber,阿马齐格／柏柏尔（Amazigh / Berber）,C,部分齐备,True,圆顶小祠点烛留布致敬,1,1,1,1,1,0,2,1,陵寝地方未选；烛台布条位置材料欠缺；马格里布地方与宗派语境不足，静态致敬范围及环境光色未写；主张缺来源对应。,选马格里布圆顶小祠，补烛台布条位置、点烛状态和来源；明确所选圆顶小祠的地方背景、可见光色与致敬观看范围，逐条关联香烛还愿物说明出处。
C01,andalusian-folk,安达卢西亚民间天主教与罗马里亚朝圣祈福（Andalusian）,C,部分齐备,True,安达卢西亚圣周 Paso 游行的公共观礼介绍,2,1,1,1,1,1,2,1,未选城市及兄弟会；Paso 形制、街道观礼位置和游行起止缺少描述,选定安达卢西亚一处圣周公开游行，补 Paso 材质部件、承重者与台体位置、沿街观看范围及声音段落的来源
C01,andorran-folk,安道尔民间天主教与山地朝圣祈福（Andorran）,C,明显不足,True,Meritxell圣殿公开外观介绍,2,0,1,1,0,2,2,1,Meritxell新旧建筑未选；入口空间与可见材质缺失；现有来源链接尚未逐主张对应所选公开切片；不能由链接列表确认上述形制、空间或过程。,选Meritxell圣殿具体建筑，补外观材料、年代选择和观看位置，配来源
C01,aragonese-folk,阿拉贡民间天主教与朝圣祈福（Aragonese）,C,明显不足,True,萨拉戈萨皮拉尔圣殿外观,2,0,1,0,0,2,2,1,圣殿立面材料、广场关系和观看范围缺失；立面光色及静态观看范围未写，建筑与地方主张缺逐项来源对应。,补萨拉戈萨皮拉尔公开立面与广场位置及来源；补皮拉尔外观材质色彩，限定静态观看范围，逐条关联建筑与堂区背景出处。
C01,aromanian-folk,阿罗马尼亚／巴尔干瓦拉几东正教祈福传统（Aromanian／Vlach）,C,部分齐备,True,皮恩多斯山地教堂外观与原创和平意向致敬,2,1,1,1,1,1,2,1,山地教堂与烛台缺材质形制及位置；不同侨居地未选定；拟动作缺状态终止；文化主张与来源未对应,选定皮恩多斯一处公开教堂文化背景，补烛台材料部件、与说明卡的空间关系及原创点灯的开始变化终止和光表现，区分真实复活节实践并关联主张来源
C01,asturian-folk,阿斯图里亚斯民间天主教与凯尔特余绪祈福（Asturian）,C,明显不足,True,科瓦东加洞穴圣所公开外观介绍,2,0,1,1,0,2,2,1,洞穴、建筑与访客路径关系未写；可见形制不足；现有来源链接尚未逐主张对应所选公开切片；不能由链接列表确认上述形制、空间或过程。,补科瓦东加岩壁、入口与建筑公开可见关系，标选用时段和形制来源
C01,bai-benzhu,白族本主信仰（Bai Benzhu）,C,部分齐备,True,大理本主庙花果摆放致敬,2,1,1,1,1,1,2,1,村庙未选；供桌香炉形制与入口关系欠缺；本主村庙地方版本未选，花果与村庙意义缺主张—来源对应。,选大理开放村庙，补供桌香炉外观、观看位置和花果摆放收尾及来源；注明选定大理村庙的地方版本与公开范围，逐条关联花果及本主说明出处。
C01,baltic-folk,波罗的海民间信仰（立陶宛／拉脱维亚传统）,C,部分齐备,True,立陶宛路旁雕刻十字与原创系彩巾致敬,2,1,1,2,1,2,2,1,雕刻十字与小型圣所未写材质部件；彩巾系挂位置未定；来源未逐主张关联,补立陶宛选定路旁十字的形制、彩巾与供物在其周围的位置；将产品比例与配色注明为设计决定并关联公开资料
C01,bashkir-traditional,巴什基尔伊斯兰与民俗祈福（Bashkir／Bashkort）,C,部分齐备,True,Sabantuy公共赛场与原创彩带致敬,2,1,1,1,1,2,2,1,Sabantuy赛场地点未选；帐篷彩带关系和终态不足；现有来源链接尚未逐主张对应所选公开切片；不能由链接列表确认上述形制、空间或过程。,选巴什基尔Sabantuy公开节庆参照，补赛场背景、彩带材质悬挂位置与完成状态，关联来源
C01,basilicata-folk,巴西利卡塔民间天主教与岩城朝圣祈福（Basilicata／Lucania）,C,明显不足,True,马泰拉岩穴教堂外观,2,0,1,0,0,1,2,1,具体教堂、岩面入口与街巷关系未写；岩面光色和静态观看范围不足，具体教堂版本与主张来源未落实。,补马泰拉选定教堂岩面入口、社区背景及来源；选定马泰拉公开岩穴教堂，补岩面色彩及观看范围，逐条关联建筑与社区事实出处。
C01,basque-folk,巴斯克民间信仰与玛丽女神传说（Basque folk／Mari）,C,部分齐备,True,安博托山景与洞穴外观的传说教育致敬,2,1,1,1,1,2,2,1,安博托山体、洞口与路径关系未写；虚拟灯盏和路径点亮终态未定,补安博托公开可见洞穴外观与山路的空间说明，给传说提示关联出处；说明灯盏与词条点亮属原创取舍
C01,baul-bengal,孟加拉鲍尔／行吟密契传统（Baul）,C,部分齐备,True,公开Baul行吟乐器与原创歌词卡致敬,2,1,1,1,2,2,2,2,ektara部件材质与公共演出观看空间未写；练习起止不足,为Kenduli Mela切片选ektara参考，补共鸣体、琴杆、弦关系和材质及观看位置；单音明确为产品决定
C01,beja-traditional,贝贾牧民伊斯兰与红海山地祈福传统（Beja）,C,部分齐备,True,贝贾乳品分享丘陵致敬,2,1,1,1,0,1,2,1,丘陵营地未选；容器材质与待客位置及收尾欠缺；贝贾跨境营地版本、公开环境光色不足，牧养伦理缺主张来源对应。,补贝贾公开牧养环境乳品容器与分享位置、原创结束状态和来源；选具体贝贾公开营地资料，补丘陵与乳品场景的光色，逐条关联牧养和待客解释出处。
C01,bemba-traditional,本巴传统宗教与莱萨—祖灵祈福（Bemba）,C,部分齐备,True,赞比亚本巴高原农田与邻里分享面粉的原创伦理致敬,2,1,1,1,1,2,2,1,高原农田、家屋灯火及面粉呈现只有名称；邻里互助示意缺摆放关系与终态,补本巴高原农田公开环境的可见描述及来源，明确分享面粉图示的容器和家屋灯位置为产品原创决定
C01,blang-traditional,布朗族传统信仰与上座部—自然灵祈福（Blang／Bulang）,C,部分齐备,True,景迈茶山公共风光与原创感谢卡,2,1,1,1,1,2,2,1,茶园地形与茶树观看关系不足；茶叶茶食桌形制未写；现有来源链接尚未逐主张对应所选公开切片；不能由链接列表确认上述形制、空间或过程。,补景迈山公开茶园坡地、茶树与观看位置；明确原创茶食桌形制与感谢卡来源或产品取舍
C01,bornholm-folk,博恩霍尔姆民间基督教与岛屿祈福（Bornholm）,C,部分齐备,True,Østerlars圆教堂外观,2,1,1,0,0,2,2,1,塔体屋顶材料与入口背景关系欠缺；圆教堂外观感官材料不足，具体建筑主张缺来源对应。,补Østerlars部件材料、开放观看范围及来源；补 Østerlars 屋顶和塔墙色彩，逐条关联外观及地方文化出处。
C02,breton-pardons,布列塔尼赦罪朝圣与民间祈福（Breton Pardons）,C,部分齐备,True,布列塔尼石堂与旗帜队列的非圣事致敬,2,1,1,2,1,1,2,1,未选布列塔尼具体 pardon；旗帜材质图案与石堂街景关系缺失,选定 Locronan 或其他已述地方的公开旗帜队列，补旗面与杆件形制、石堂前观礼关系并给来源；明确练习结束状态
C02,buyei-traditional,布依族传统信仰与三月三祈福（Buyei／Bouyei）,C,部分齐备,True,三月三歌圩与原创共享五色饭致敬,2,1,1,1,1,1,2,1,三月三歌圩地区未选；五色饭盛器、桌面空间与起止不足；现有来源链接尚未逐主张对应所选公开切片；不能由链接列表确认上述形制、空间或过程。,选贵州布依三月三公开歌圩，补五色饭外观盛器及共享桌空间；标六月六不混入，关联来源
C02,calabrian-folk,卡拉布里亚民间天主教与朝圣祈福（Calabrian）,C,明显不足,True,Madonna di Polsi教堂外观,2,0,1,0,0,2,2,1,波尔西形制和山地观看关系缺失；山地外观光色和静态观看范围不足，建筑与文化主张缺来源对应。,补Madonna di Polsi立面外部场地与山地背景及来源；补 Madonna di Polsi 立面色彩与静态范围，逐条关联山地建筑与朝圣概述出处。
C02,catalan-folk,加泰罗尼亚民间天主教与巨人巡游祈福（Catalan）,C,部分齐备,True,加泰罗尼亚 gegants 巨人巡游公开外观介绍,2,1,1,1,1,1,2,1,巨人偶形制和街道空间未写；城市变体与巡游观察起止未选,选定加泰罗尼亚一城的 gegants 公开巡游，补偶身轮廓、服饰与承载部件、街头队列关系及来源
C02,celtic-folk,凯尔特宗教与民俗祈福（Celtic religion）,C,部分齐备,True,泉边一念：原创虚拟泉边留愿,2,1,1,1,1,2,2,1,虚拟泉源结构、信物材质沉浮与木牌空间不足；现有来源链接尚未逐主张对应所选公开切片；不能由链接列表确认上述形制、空间或过程。,补泉边一念信物轮廓材质、泉岸木牌位置及落水至停止状态；布条圣井与原创信物分开配来源
C02,chagga-traditional,查加人传统信仰与鲁瓦—乞力马扎罗祈福（Chagga）,C,部分齐备,True,查加坡地园畦引水致敬,2,1,1,1,1,1,2,1,水道园畦走向材料与水流状态未写；查加具体灌溉园林地方版本未选，水道与伦理主张缺来源对应。,补乞力马扎罗查加公开园林水道与园畦位置、水流收尾及来源；选当地公开园林资料，逐条关联水道形制及维护伦理出处。
C02,chinese-buddhism,汉传佛教,C,部分齐备,True,寺院供香供灯的原创灯下合十致敬,2,1,1,2,1,1,2,1,香炉、供灯材质结构与佛堂位置缺失；未限定寺院或器型,补选定汉传寺院公开供香供灯区的香炉及灯具形制、两者摆放和观看关系，关联来源；明确虚拟点灯结束状态
C02,chinese-folk-and-confucian,汉人民间信仰与祭祖／儒礼,C,部分齐备,True,庙外庭前上香公开姿态致敬,2,1,1,2,2,1,2,1,香炉材料轮廓与庭前桌台关系不足；三柱与茶果未标地区取舍；现有来源链接尚未逐主张对应所选公开切片；不能由链接列表确认上述形制、空间或过程。,选庭前香炉器型补炉口承托材质与桌台空间；标三柱香茶果为地方实例或产品改编并配来源
C02,chuukese-traditional,楚克传统信仰与村社祈福余绪（Chuukese／Truk）,C,部分齐备,True,楚克教堂初熟宴席致敬,2,1,1,1,1,1,2,1,教堂宴席与潟湖关系、食物形态与灯火状态未写；楚克具体岛屿公共宴席版本未选，初熟与宴席解释缺主张来源对应。,补楚克公开教堂宴席与潟湖观看关系、原创感谢灯火收尾和来源；选楚克一岛的公开堂会宴席资料，逐条关联食物、节庆与教堂环境出处。
C02,circassian-traditional,切尔克斯／阿迪格传统信仰与哈布泽,C,部分齐备,True,Xabze 公开款待礼节的原创让座分享致敬,2,1,1,1,1,2,2,1,宴席座次、茶具与面包形态未定；圣林外圈与款待场景的转换依据不足,补切尔克斯公开宴客环境中客人与座位、茶具及面包的关系并给出处；把原创款待练习的开始与结束写清
C02,cornish-folk,康沃尔民间基督教与圣井—朝圣祈福（Cornish）,C,部分齐备,True,康沃尔圣井公开外观与系布民俗说明,2,1,1,1,1,1,2,1,未选一处圣井；井体材料、布条与树木位置及静态观看范围不足；现有来源链接尚未逐主张对应所选公开切片；不能由链接列表确认上述形制、空间或过程。,选康沃尔具体公开圣井，补井体、树与现存布条关系和观看范围，注明不模拟留物并关联来源
C02,corsican-folk,科西嘉民间天主教与朝圣祈福（Corsican）,C,明显不足,True,科西嘉山村教堂外观,2,0,1,0,0,0,2,1,地点立面与街巷背景不足；教堂外观光色与静态范围不足，科西嘉地方案例和主张来源缺失。,选科西嘉山村教堂补立面材质与街巷观看位置及来源；选科西嘉具体山村教堂，补光色及观看范围，逐条关联建筑与地方文化出处。
C02,crimean-tatar-traditional,克里米亚鞑靼伊斯兰与归乡祈福传统（Crimean Tatar）,C,部分齐备,True,克里米亚鞑靼开斋共餐与和平祝福的原创致敬,2,1,1,1,1,2,2,1,开斋桌食品、器物及环境缺可见细节；海岸与餐桌的关系未定,补克里米亚鞑靼选定公开开斋共餐的桌面器物、食品形态与观看位置及来源，说明海岸与和平灯火为原创转场
C02,croatian-folk,克罗地亚民间天主教与朝圣—节庆祈福（Croatian）,C,明显不足,True,Marija Bistrica公开圣地外观朝圣介绍,2,1,1,1,0,2,2,1,Marija Bistrica建筑与公共入口只是名称；观看范围与访问变化未写；现有来源链接尚未逐主张对应所选公开切片；不能由链接列表确认上述形制、空间或过程。,补Marija Bistrica所选圣地建筑外观材料、入口与朝圣者位置，逐主张关联来源
C02,cypriot-folk,塞浦路斯民间东正教与朝圣祈福（Cypriot）,C,明显不足,True,Panagia tou Kykkou修院外观,2,1,1,0,0,2,2,1,修院部件材料、外部场地和观看位置未写；修院外观色彩光线缺失，建筑与地方信仰主张缺来源对应。,补Panagia tou Kykkou公开外观部件与场地观看范围及来源；补 Kykkou 公开立面色彩与静态范围，逐条关联建筑和修院文化出处。
C02,czech-moravian-folk,捷克—摩拉维亚民间天主教朝圣祈福（Czech／Moravian folk Catholicism）,C,部分齐备,True,圣霍斯廷山丘与朝圣意向簿的原创致敬,2,1,1,1,1,2,2,1,圣霍斯廷山丘与圣母殿相对位置未写；意向簿、蜡烛形制与终态不明,补圣霍斯廷公开步道观察圣母殿的位置与背景，明确意向簿与蜡烛的原创摆放和结束状态；关联地方来源
C02,dalecarlian-folk,达拉纳民间基督教与节期祈福（Dalecarlian／Dalarna）,C,部分齐备,True,达拉纳Kyrkbåtar教堂船公共文化记忆,2,1,1,1,1,1,2,1,未选湖区与船型；教堂船部件、码头和观看范围不足；现有来源链接尚未逐主张对应所选公开切片；不能由链接列表确认上述形制、空间或过程。,选达拉纳一处湖区教堂船公共参照，补船壳座位桨材质、岸线码头和观看关系，区分历史交通与当代展示；把教堂船文化与具体船型、观看环境逐主张配来源。
C02,emilian-folk,艾米利亚民间天主教与朝圣祈福（Emilian）,C,部分齐备,True,San Luca拱廊上山外观,2,1,2,1,1,2,2,1,柱拱材质、路线段起止与光影未写；拱廊路线及材质主张缺逐项来源关联。,补博洛尼亚San Luca柱拱地面、上山观看段落及来源；将 San Luca 选定路线段、柱拱材质和朝圣意义分别关联公开来源。
C02,estonian-maausk,爱沙尼亚地信仰／马阿乌斯克与塔阿拉信仰（Estonian Maausk／Taaraism）,C,部分齐备,True,Hingedeaeg 亡灵季窗边象征点烛致敬,2,1,2,1,1,2,2,1,蜡烛与窗边环境形制不足；窗边与墓园变体须选其一；来源关联不足,选用爱沙尼亚 Hingedeaeg 窗边点烛切片，补窗台、蜡烛与背景关系及来源，注明点灯时长和配色由产品决定
C02,ewe-traditional,埃维族传统信仰与霍格贝措索节祈福（Ewe）,C,部分齐备,True,Anloga出走纪念的原创和解广场致敬,2,1,1,1,2,2,2,1,Anloga广场与首领公众观看关系未写；原创清扫符号形制及放置终态不足；现有来源链接尚未逐主张对应所选公开切片；不能由链接列表确认上述形制、空间或过程。,补Anloga公共durbar广场布局与观看界线；写清原创和解符号材料轮廓和终态，给倒退表演逐主张来源
C03,faroese-folk,法罗民间祈福与链舞—奥拉夫节传统（Faroese）,C,部分齐备,True,托尔斯港链舞连链致敬,2,1,1,1,2,2,2,2,服饰形制、广场位置及连链完成状态未写,补Ólavsøka托尔斯港服饰与广场观看关系、原创连链收尾和社群署名
C03,fijian-vanua,斐济传统 vanua 宇宙观与祖先祝福礼仪（Fijian Traditional／Veiqaraqaravi Vakavanua）,C,部分齐备,True,斐济 sevusevu 迎宾文化与原创呈礼致敬,2,1,2,2,1,2,2,1,tanoa 形制、根束包装和座席观看关系未展开,补斐济选定公共迎宾环境中的 tanoa、干卡瓦根和头人席位置及来源，标明呈礼图标属原创
C03,finnish-karelian-folk,芬兰—卡累利阿民间信仰与熊礼记忆／苏奥梅努斯科（Finnish–Karelian folk）,C,部分齐备,True,非peijaiset的原创森林星空感谢小品,2,1,1,1,1,2,2,1,森林圣松与星空观察位置不明；卡片灯火材质和状态不足，星图仅示意；现有来源链接尚未逐主张对应所选公开切片；不能由链接列表确认上述形制、空间或过程。,补原创芬兰森林圣松与感谢卡摆放关系、材质和灯火终态；星空标示产品示意，不借用头骨礼并关联自然民俗来源
C03,fribourg-folk,弗里堡民间天主教与双语朝圣祈福（Fribourg／Freiburg）,C,部分齐备,True,弗里堡Désalpe牧群下山外观,2,1,1,1,1,1,2,1,活动地点、装饰材料与队列观看范围欠缺；弗里堡具体地方版本未选，装饰与转场解释缺主张来源对应。,选弗里堡Désalpe补牧群装饰与道路旁观看关系及来源；明确一个 Désalpe 公开地方活动，逐条关联牧群装饰与牧季感恩解释出处。
C03,frisian-folk,弗里西民间基督教与博尼法斯朝圣记忆（Frisian folk）,C,部分齐备,True,Dokkum 纪念小堂与圣井公开外观介绍,2,1,1,1,0,2,2,1,Dokkum 小堂与圣井形制和位置未写；观看范围不清,补 Dokkum 小堂与圣井相对位置、可见外表及访客观察位置，逐项关联来源
C03,friulian-folk,弗留利民间天主教与朝圣祈福（Friulian）,C,明显不足,True,Castelmonte圣母圣地公共外观介绍,2,1,1,1,0,2,2,1,Castelmonte外观材料、入口与朝圣观看位置缺失；无具体访问状态；现有来源链接尚未逐主张对应所选公开切片；不能由链接列表确认上述形制、空间或过程。,补Castelmonte公共外观的建筑轮廓材料、入口及观看关系和来源，先校对圣地方观文字
C03,fulani-peul,富拉尼／颇尔牧养祝福传统（Fulani／Peul／Fulɓe）,C,部分齐备,True,Yaaral／Degal牧群装饰渡河致敬,2,1,1,1,2,1,2,2,未选渡河地点；装饰材料岸线关系和完成状态欠缺,选马里Yaaral或Degal补牧群装饰岸线与观看位置、注明原创色带取舍
C03,ga-traditional,加族传统信仰与霍莫沃节祈福（Ga）,C,部分齐备,True,Homowo 共食文化的原创共享宴席致敬,2,1,1,1,1,1,2,1,六城镇变体未选；玉米食、汤和餐具形态及位置未写,选定一个加族传统区，补 kpokpoe 与汤的公开呈食外观、共享桌面关系及来源；不补抛洒或倾奠主持步骤
C03,gagauz-traditional,加告兹东正教与民间祈福传统（Gagauz）,C,部分齐备,True,加告兹草原教堂与原创和平烛火致敬,2,1,1,1,1,1,2,1,草原教堂未选加告兹具体地点；烛台材料与放入点亮起止不足；现有来源链接尚未逐主张对应所选公开切片；不能由链接列表确认上述形制、空间或过程。,选加告兹公开教堂外景，补建筑与草原观看关系和原创烛台结构、点亮终态，注明节期取舍并配来源
C03,galician-folk,加利西亚民间天主教与圣地亚哥朝圣祈福（Galician）,C,明显不足,True,圣地亚哥朝圣路线教堂外观,2,1,1,1,0,1,2,1,分支节点、教堂立面环境欠缺；地图及外观光色不足，所选路线版本和主张缺来源对应。,选Camino通往圣地亚哥的一段路线，补节点顺序、终点立面与来源；补选定 Camino 路段的公开地貌色彩及观看范围，逐条关联节点与终点事实出处。
C03,gascon-folk,加斯科涅民间天主教与朝圣祈福（Gascon）,C,部分齐备,True,卢尔德夜间烛光巡游的公共观礼介绍,2,1,1,1,1,2,2,1,烛具形制、巡游路线与观察位置未写,补卢尔德烛光巡游公开观看位置、队列与圣地背景关系、烛具外观和行进起止并关联来源
C03,greek-folk,希腊民间东正教与村社主保节祈福（Greek folk／Panigiri）,C,明显不足,True,Panigiri岛屿广场与教堂公共外观,2,0,1,1,1,1,2,1,岛屿与主保节未选，广场和教堂布局、公共观礼位置及节庆对象不足；现有来源链接尚未逐主张对应所选公开切片；不能由链接列表确认上述形制、空间或过程。,选希腊一处panigiri公开广场，补教堂广场关系、允许观看环节与具体节庆物件，逐主张配来源
C03,greek-orthodox,希腊正教祈福与圣水礼仪（Greek Orthodox）,C,部分齐备,True,希腊主显节水面光明原创致敬,2,1,1,1,2,1,2,1,海岸堂区未选；水面窗火位置与纸灯瓶形态、收尾欠缺；海岸堂区和节期地方版本未选，圣水解释与外观缺逐项来源对应。,选希腊公开主显节水岸补观看范围，注明涟漪纸灯瓶原创并写状态来源；逐条关联所选希腊堂区主显节概述与公开外观依据，区分原创纸灯瓶。
C03,gutnish-folk,哥特兰民间基督教与岛屿祈福（Gutnish／Gotland）,C,部分齐备,True,哥特兰教堂还愿船的文化说明,2,1,1,1,0,1,2,1,未选哥特兰具体教堂船模；材料部件与教堂内观看范围缺失,选定哥特兰一处 Kyrkoskepp，补船体桅帆、悬挂位置和观看范围及来源
C03,hinduism,印度教,C,部分齐备,True,灯旋一瞥：灯花公开意象的原创致敬,2,1,1,2,2,1,2,1,灯盏材质结构与托盘位置不足；未选地方器型或明确原创取舍；现有来源链接尚未逐主张对应所选公开切片；不能由链接列表确认上述形制、空间或过程。,选灯旋一瞥灯盏和thali器型，补灯芯承托、盘面材料及观看空间；标选用地方或原创配色并关联来源
C03,hoa-hao,越南和好教（Hòa Hảo）,C,部分齐备,True,和好教四恩田间一默致敬,2,1,1,1,1,1,2,1,台灯与传统红布坛关系未澄清；四恩卡范围、读写收尾欠缺；湄公河具体公开四恩文本版本未选，四恩及田间背景缺主张来源对应。,补湄公河三角洲四恩卡文本依据，明确田间一默台灯虚拟纸的原创陈设和收尾；选和好教公开四恩文本与地方背景资料，逐条标明文化主张出处。
C03,hungarian-folk,匈牙利民间天主教与朝圣祈福（Hungarian Folk／Magyar népi vallásosság）,C,部分齐备,True,Szentkút 林径圣殿与原创还愿小灯致敬,2,1,2,2,1,2,2,1,圣殿轮廓与林径背景、灯具形制未展开,补 Szentkút 林径至圣殿公开可见构图和小灯器型来源，说明鞠躬点灯为原创过程及其终态
C03,ibibio-traditional,伊比比奥传统宗教与阿巴西—祖灵祈福（Ibibio）,C,部分齐备,True,非Ekpo的原创非神圣木雕纹样致敬,2,1,0,1,1,2,2,1,非神圣纹样尚无可描述轮廓；木雕表面、展示环境与拼贴终态不足；现有来源链接尚未逐主张对应所选公开切片；不能由链接列表确认上述形制、空间或过程。,为伊比比奥工匠致敬选明确原创木雕板轮廓、表面纹样和材质，补展示位置与完成状态；关联木雕文化事实来源，不补Ekpo程序
C03,icelandic-asatru,冰岛阿萨特鲁／北欧多神复兴（Ásatrúarfélagið）,C,部分齐备,True,冰岛故事角杯自然承诺致敬,2,1,1,1,2,1,2,2,角杯材料形制、火堆场地关系、季节及分享收尾欠缺,选Ásatrúarfélagið公开季节切片，补角杯小火观看范围与原创分享结束状态
C03,irish-folk-catholic,爱尔兰民间天主教与圣井—朝圣祈福（Irish）,C,部分齐备,True,Croagh Patrick 山径与 Reek Sunday 朝圣季说明,2,0,1,1,0,2,2,1,山径、山顶和观礼位置只有概念；路标及环境质感缺失,补 Croagh Patrick 一段公开山径的路标、地表及山顶背景关系和来源；只描述朝圣观察过程
C04,ivatan-traditional,伊瓦坦民间天主教与巴丹群岛祈福（Ivatan）,C,部分齐备,True,巴丹石屋Payuhuan公共互助文化外观,2,1,1,1,1,1,2,1,石屋部件材质与观看空间不足；未选巴丹村屋实例，来源未关联主张,选巴丹一处公开石屋，补屋墙屋顶可见关系、互助石示意起止与观看位置；注明村落变体并逐主张配来源
C04,jainism,耆那教,C,部分齐备,True,耆那灯花一敬供花灯致敬,2,1,1,1,1,1,2,1,渡津者圣像派别、底座与灯器材料位置、动作收尾未写；耆那派别及圣像版本未定，圣像花灯主张缺来源对应。,选定耆那公开圣像器型范围，补底座花灯形制与陈设，写原创清水花灯起止状态和来源；逐条关联所选派别圣像器型、花灯文化解释及公开陈设依据。
C04,jamtland-folk,耶姆特兰民间基督教与山林祈福（Jamtland）,C,部分齐备,True,耶姆特兰 St. Olavsleden 朝圣道外观说明,2,1,1,1,0,1,2,1,未选耶姆特兰路线段；路标及教堂空间未写,选定耶姆特兰 St. Olavsleden 一段，补路线标识形制、教堂与林径的可见关系及来源
C04,kalenjin-traditional,卡伦金传统宗教与阿西斯祈福（Kalenjin）,C,部分齐备,True,裂谷高原公共风光与原创和平叶祈愿簿,2,1,1,1,1,1,2,1,高原与教堂地区未选；和平叶祈愿簿材料轮廓、相对位置和終态不足，来源仅列表,选卡伦金一支系高原公开风景，补教堂观看关系与原创和平叶祈愿簿构造、放入终态；关联地域事实来源
C04,kamba-traditional,坎巴传统宗教与恩盖／穆伦古祈福（Kamba）,C,部分齐备,True,坎巴旱地种子田畦原创致敬,2,1,1,1,1,1,2,1,坎巴农田具体环境、种子物件和田畦关系及状态欠缺；马查科斯具体公开农田版本未定，土地伦理与景观主张缺来源对应。,补马查科斯公开农田与种子田畦形态，注明原创播种示意的状态与来源；选坎巴公开农田案例，逐条关联种子田畦外观与文化解释出处。
C04,karakalpak-traditional,卡拉卡尔帕克民间伊斯兰与咸海三角洲祈福（Karakalpak）,C,部分齐备,True,卡拉卡尔帕克 Navruz Sumalak 原创分享致敬,2,1,1,1,1,2,2,1,Sumalak 与容器外观、邻里桌环境关系不明,补卡拉卡尔帕克公开 Navruz 共餐中 Sumalak 的可见形态与盛器、桌面位置及来源，注明灯火为原创
C04,kikuyu-ngai,基库尤传统宗教与恩盖祈请（Gĩkũyũ／Ngai）,C,部分齐备,True,面向肯尼亚山与保护圣树的原创致敬,2,1,2,1,1,2,2,1,圣树树形及原文无树称谓待校核；护树图标材质与完成状态不足，方位等主张未对应来源,补Mũgumo称谓核对与所选圣树可见树冠树干形态、护树图标起止；逐主张关联肯尼亚山方位来源，不补长老祷词
C04,kimbanguism,金班古教会／金班古主义祈福（Kimbanguism）,C,部分齐备,True,恩坎巴会堂绿白公共视觉致敬,2,1,1,1,2,1,2,1,具体会堂立面空间与服饰形制未选；时间线可用但观看状态欠缺；恩坎巴具体会堂及活动版本未定，服饰和时间线主张缺逐项出处对应。,选恩坎巴公开会堂外观，补绿白服饰与场地位置，关联时间线和建筑依据并写原创观看收尾；逐条关联所选恩坎巴会堂外观、绿白服饰与历史节点出处。
C04,konkokyo,金光教（Konkōkyō）,C,部分齐备,True,金光教互助伦理的原创托付盒与感谢灯笼致敬,2,1,1,2,1,2,2,1,托付盒与灯笼形制、风景卡摆放缺失；名言引用出处未定,明确金光教教育切片中托付盒、灯笼与天地风景卡的原创外形和位置；补互助语句的公开出处
C04,konso-traditional,康索传统宗教与文化景观祈福（Konso）,C,部分齐备,True,康索梯田公共石墙维护的原创致敬,2,1,1,1,1,2,2,2,梯田堡寨石墙布局不足；石块与墙体材料表面及放入終态未写,选康索公开梯田石墙参照，补墙与坡地村口位置、石块表面和原创放置终态；明确不代行世代礼仪
C04,kosraean-traditional,科斯雷传统信仰与村社祈福余绪（Kosraean）,C,部分齐备,True,科斯雷共享面包果村社桌致敬,2,1,1,1,1,1,2,1,面包果与桌器材形态、海岸与集会环境位置和结束状态未写；科斯雷具体聚会版本未选，共享物件与文化主张缺来源对应。,补科斯雷公开面包果共享物件和村社桌位置，写原创感谢收尾与来源；选明确公开村社聚会，逐条关联面包果、桌器与共享伦理出处。
C04,kuba-traditional,库巴／布雄戈王权与自然灵祈福（Kuba／Bushongo）,C,部分齐备,True,Shoowa 拉菲亚织纹与原创色块拼贴致敬,2,1,1,2,1,2,2,1,Shoowa 织物表面工艺、展示铺陈与原创色块关系不明,补一件有公开出处的 Shoowa 织物材质、纹理与陈列关系，区分参考纹样和原创拼贴色块
C04,kven-folk,克文民间基督教与极北祈福（Kven）,C,明显不足,True,克文语言地图与极北地理公共文化说明,2,0,1,,0,1,2,1,静态语言地图无已选地点和问候文本；空间说明与可见对象不足，来源主张未关联；sequence不适用因仅静态介绍,选挪威北部克文具体聚居地，补语言地图范围、可公开问候语及地域语境，逐主张配来源；若需环境展示另补地景描述
C04,ladin-folk,拉丁民间天主教与多洛米蒂祈福（Ladin）,C,部分齐备,True,多洛米蒂Almabtrieb花饰牲畜致敬,2,1,1,1,1,1,2,1,拉丁山谷活动地点、花饰材料部件及道路观看关系欠缺；拉丁山谷地方版本未选，公开观礼起止范围不足，牧群装饰主张缺来源对应。,选拉丁山谷公开Almabtrieb补花饰与牲畜关系、道路观看范围和来源；限定一场公开 Almabtrieb 的可见起止与地方版本，逐条关联装饰及牧季解释出处。
C04,lahu-traditional,拉祜族传统信仰与新年祈福（Lahu）,C,部分齐备,True,拉祜新年米糕分享的原创村寨致敬,2,1,1,1,1,1,2,1,未选拉祜支系与地区；米糕及共享桌形制未写,选定已述拉祜地区和支系，补新年米糕与盛器、村寨桌面关系及来源，明确原创分享的结束状态
C04,lao-baci-phi,老挝上座部佛教与灵魂召唤／皮灵祈福（Lao Baci / Phi）,C,部分齐备,True,Sai Sin白线社群祝愿的原创腕部图标小品,2,1,1,2,1,2,2,1,白线和腕部图标轮廓、系后状态与展示环境不足；原文来源未逐主张对应,补Sai Sin白棉线与原创腕部图标形态、系前后关系和简洁展示环境，说明不是真Pha Khuan，关联白线文化来源
C04,lezgin-traditional,列兹金民间伊斯兰与圣地祈福（Lezgin／Lezgi）,C,部分齐备,True,列兹金春季彩蛋灯火原创致敬,2,1,1,1,1,1,2,1,地区未选；彩蛋形态材料、山村场地关系与灯火结束状态未写；节庆地方版本及原创春灯的结束范围不足，彩蛋主张缺来源对应。,选达吉斯坦或阿塞拜疆列兹金公开Yaran Suvar，补彩蛋外观与场地关系，注明春灯为原创并关联来源；明确所选 Yaran Suvar 地方版本与原创春灯结束状态，逐条关联彩蛋文化出处。
C04,liechtenstein-folk,列支敦士登民间天主教与莱茵朝圣祈福（Liechtenstein）,C,部分齐备,True,Vaduz 国庆城堡周边公共观礼外观说明,2,0,1,1,0,2,2,1,城堡周边观看位置、公开陈设与环境未描述,补 Vaduz 国庆公开观礼范围及城堡、观众与礼仪区域关系，给可见陈设和来源
C04,ligurian-folk,利古里亚民间天主教与海岸朝圣祈福（Ligurian）,C,明显不足,True,Madonna della Guardia公开圣地地图与外观,2,0,1,1,0,2,2,1,Guardia建筑形制、还愿物公开范围与空间关系未写；来源仅列表,补Guardia圣地具体公开外景材料、入口与观者关系；选一处建筑时段，逐主张关联来源，不补苦修步骤
C04,lisu-traditional,傈僳族传统信仰与山地祈福（Lisu）,C,部分齐备,True,傈僳阔时节邻里酒食共享致敬,2,1,1,1,2,1,2,1,支系地点未选；酒食容器服饰形制、邻里桌与村寨位置欠缺；傈僳具体社区版本未选，服饰食物与阔时解释缺主张来源对应。,选横断山公开傈僳阔时节切片，补酒食容器与桌位，写原创分享状态和来源；将所选公开阔时节的服饰、酒食及地方意义逐条关联出处。
C05,livonian-folk,利沃尼亚民间基督教与濒危语言祈福（Livonian）,C,明显不足,True,Mazirbe 与 Līvõd Kōd 的海岸语言文化说明,2,0,1,0,0,2,2,1,文化中心、海岸地图点与问候语均缺可用文字,补 Mazirbe 与 Līvõd Kōd 的地图关系和公开建筑可见外观，提供经社群公开资料支持的问候语及出处
C05,lozi-traditional,洛齐／巴罗策传统宗教与尼扬贝—王陵祈福（Lozi／Barotse）,C,部分齐备,True,Kuomboka洪泛平原公共文化与原创共享桌致敬,2,1,1,1,1,2,2,1,平原水位、王舟观礼位置与桌面物件缺具体描述；龙舟称谓待核对，来源未对应,补Kuomboka所选公开观礼岸线与Nalikwanda可见轮廓材料，核对龙舟措辞；写原创共享食物盛器、桌面及終态并配来源
C05,makonde-traditional,马孔德传统信仰与祖灵—木雕祈福（Makonde）,C,部分齐备,True,马孔德非神圣原创木雕树形拼贴,2,1,1,1,1,2,2,1,原创树形轮廓、木材表面与色块组成未写；展示台和拼贴收尾欠缺,补马孔德木雕致敬的非神圣原创树形轮廓、木质表面与展示位置，写色块拼贴完成状态并区分事实来源
C05,maltese-festa,马耳他民间天主教与村社festa祈福（Maltese）,C,部分齐备,True,马耳他 Il-Vara 街道巡游公开观礼说明,2,1,1,1,1,1,2,1,未选堂区节日；Il-Vara 结构及街道观礼关系缺失,选定马耳他一个 festa 堂区，补 Il-Vara 台座、雕像和抬架的可见关系与材质，描述沿街队列和音乐段落并关联来源
C05,manx-folk,马恩岛民间基督教与海岛祈福（Manx）,C,明显不足,True,马恩岛海岸教堂外观与海洋纪念说明,2,0,1,1,0,1,2,1,海岸教堂地点形制未选；海洋纪念空间与静态观看范围不足，来源仅列,选马恩岛一处公开海岸教堂，补建筑材料、岸线与观看位置，区分纪念和Hop-tu-Naa并逐主张配来源
C05,marchigiano-folk,马尔凯民间天主教与洛雷托朝圣祈福（Marchigiano）,C,明显不足,True,洛雷托圣家堂外观说明,2,0,1,0,0,2,2,1,洛雷托圣家堂形制材料与周边观看关系欠缺；圣家堂外观光色与静态观看范围不足，建筑和文化主张缺来源对应。,补洛雷托圣家堂公开建筑外观、入口与周边位置和来源；补洛雷托圣家堂外观光色及静态范围，逐条关联建筑部件和朝圣解释出处。
C05,mazu,妈祖信仰与进香（Mazu / Matsu）,C,部分齐备,True,原创岸边一礼：天后宫外观、献花与平安灯致敬,2,1,1,2,1,1,2,1,未选沿海地区及天后宫外观；平安灯、花束和庙前空间缺形制,选定一个妈祖庙公共外观参照，补门前香炉、献花与悬灯位置和器物形制，关联来源并写明原创灯名
C05,meru-traditional,梅鲁传统宗教与穆伦古／穆格韦祈福（Meru／Ameru）,C,部分齐备,True,梅鲁山坡田畦与原创雨水示意致敬,2,1,1,1,1,1,2,1,梅鲁农田地区与田畦关系未选；原创水流起止、教堂背景和可见形态不足，主张未关联,选梅鲁一支系公开山坡田畦景观，补田畦水流起止与观看关系、教堂背景；标雨水为产品示意并逐主张配来源
C05,mevlevi-sufi,梅夫莱维苏菲／旋转苦修者（Mevlevi Sufi）,C,部分齐备,True,科尼亚裙摆与ney音符原创致敬,2,1,1,1,2,2,2,2,服饰材料、裙摆展开形态和圆厅空间关系未写；原创终止状态欠缺,补科尼亚公开Sema服饰高帽与圆厅观看关系，注明虚拟裙摆音符为原创，写展开收尾与来源
C05,minangkabau-adat,米南加保习俗法与伊斯兰祈福传统（Minangkabau）,C,部分齐备,True,rumah gadang 大屋外观与原创回乡问候致敬,2,1,1,2,1,2,2,1,大屋墙体屋顶材料、梯田和大屋关系未写；托盘形制未定,补西苏门答腊选定 rumah gadang 的屋顶墙体、入口与梯田关系及来源，注明托盘灯笼为原创取舍
C05,molisan-folk,莫利塞民间天主教与朝圣祈福（Molisan）,C,明显不足,True,莫利塞山村教堂公开朝圣外观,2,0,1,1,0,1,2,1,山村教堂未选，材质轮廓与公共观看空间不足；来源未逐主张关联,选莫利塞一处公开朝圣教堂补外观材料、入口及观看位置和来源；不把火把或抬像混入
C05,monegasque-folk,摩纳哥民间天主教与海岸朝圣祈福（Monegasque）,C,明显不足,True,摩纳哥海岸教堂外观,2,0,1,0,0,0,2,1,未选具体教堂；海岸建筑部件材质、观看范围及主张来源欠缺,选摩纳哥一座公开海岸教堂，补外观部件、海岸相对位置与逐主张来源
C05,mouride,穆里德／穆里迪耶兄弟会朝圣与赞念（Mouride／Murīdiyya）,C,部分齐备,True,图巴大清真寺外观与劳动施舍伦理原创致敬,2,1,1,1,1,2,2,1,图巴大清真寺外部轮廓、窗火及计数珠形制位置未写,补 Touba 大清真寺公开外立面与观看位置及来源；明确窗火和计数珠的原创摆放与停止状态
C05,nauruan-traditional,瑙鲁传统信仰与村社祈福余绪（Nauruan）,C,部分齐备,True,Angam纪念与原创村社共享桌致敬,2,1,1,1,1,2,2,1,瑙鲁珊瑚岛外景、村社桌及食物形制位置不足；环礁岛措辞需核对，来源未关联,补瑙鲁Angam公共场地和所选岛景范围，核对环礁措辞；写共享桌盛器材料与放置终态，逐主张配来源
C05,ndebele-traditional,恩德贝莱传统宗教与祖灵祈福（Ndebele）,C,部分齐备,True,南非恩德贝莱原创几何墙样拼贴,2,1,1,1,1,2,2,1,原创几何形状色块组合与墙面材质、观看位置和完成状态欠缺；文化依据未逐项对应,补南非恩德贝莱致敬墙样的原创形状色块、墙面表面及观看位置，写拼贴收尾并关联文化来源
C05,niuean-traditional,纽埃传统信仰与村社祈福余绪（Niuean）,C,部分齐备,True,纽埃村教堂与共享宴席的原创村社致敬,2,1,1,1,1,1,2,1,未选纽埃村社；草地、教堂和宴席关系缺描述,补纽埃选定公开村社教堂与草地中心的关系、共享食物和盛器外观及来源；只写原创感谢过程
C05,nogai-traditional,诺盖伊斯兰与草原民间祈福传统（Nogai／Nogay）,C,部分齐备,True,诺盖草原节庆共享桌的原创致敬,2,1,1,1,1,1,2,1,诺盖地区节期未选；草原清真寺关系、食物盛器桌面形制与终态不足，来源仅列表,选诺盖一处公共Sabantuy参照，补草原与节日桌位置、共享食物盛器和放置終态；地域差异及主张分别配来源
C05,norman-folk,诺曼底／海峡群岛民间天主教与朝圣祈福（Norman）,C,部分齐备,True,蒙圣米歇尔潮汐岛教堂外观,2,1,1,0,1,2,2,1,岛体教堂轮廓材料与潮水位置欠缺；观看范围及来源未逐主张对应,补Mont-Saint-Michel公开外观的岛体教堂空间关系、选定潮汐状态与观看位置，关联来源
C05,occitan-camargue-folk,奥克／卡马格民间天主教与圣玛丽—萨拉朝圣（Occitan／Camargue）,C,部分齐备,True,Saintes-Maries-de-la-Mer 海岸教堂与原创和平烛火致敬,2,1,1,1,1,2,2,1,海岸教堂轮廓与海岸关系不足；烛台形制和结束状态缺失,补 Saintes-Maries-de-la-Mer 公开教堂外观与海岸的观看关系及来源，明确和平烛台属原创；不补真实抬像主持
C05,ossetian-uatsdin,奥塞梯乌茨金／传统祈宴（Uatsdin／Assianism）,C,部分齐备,True,三饼桌面示意与安静入席的原创致敬,2,1,1,2,1,1,2,1,三饼材质表面、杯盏器型与桌面示意位置不足；地域节期未选，来源未关联,选奥塞梯公开三饼文化参照，补饼表面、杯盏材料与原创桌面入席观看关系；标所选节期并逐主张配来源
C06,otomi-hnahnu,奥托米／尼亚纽传统信仰与圣石祈福（Otomí／Hñähñu）,C,部分齐备,True,San Pablito非神圣原创剪纸拼贴,2,1,1,1,1,2,2,1,纸面纤维、原创纹样与色块关系、展示位置和完成状态未写；资料未逐主张关联,补San Pablito树皮纸公开材料表面与来源，明确原创纹样组成、陈列位置和拼贴完成状态
C06,ovambo-traditional,奥万博传统宗教与卡隆加祈福（Ovambo／Ambo）,C,部分齐备,True,奥万博旱地农田与原创分享小米致敬,2,1,1,1,1,1,2,1,未选 Ndonga 或 Kwanyama 地区；小米器物、农田与邻里桌位置未写,选定奥万博地区，补旱地农田及邻里桌公开可见关系、小米盛器与家屋灯火原创形制，并给来源
C06,paiwan-taiwan,台湾排湾族传统信仰与祭仪（Paiwan／Payuan）,C,部分齐备,True,公开观礼条件下刺球架竹竿藤球外观说明,2,1,1,1,2,1,2,1,未选公开部落实例；架竿球连接、石板屋背景与观者位置不足；来源主张未关联,选排湾一个明确开放的公开刺球外观实例，补架竿球材质结构和旁观位置；逐主张配来源，保留静态教育观看而不补刺球主持教程
C06,palaung-traditional,德昂／帕朗传统信仰与上座部—精灵祈福（Palaung／Ta'ang／De'ang）,C,部分齐备,True,德昂茶山饭食供桌原创致敬,2,1,1,1,1,1,2,1,跨境地方未选；饭食容器和供桌形制、茶山佛寺关系与收尾不足；主张来源待关联,选德昂或Ta'ang一个公开地区，补饭食容器供桌与茶山佛寺关系，写非神圣示意状态并关联来源
C06,piedmontese-folk,皮埃蒙特民间天主教与朝圣祈福（Piedmontese）,C,部分齐备,True,Varallo 圣山小堂外观与圣路朝圣文化说明,2,1,1,1,0,2,2,1,Varallo 小堂材料、圣路排列和静态观看范围未写,补 Varallo 一处公开小堂的外部材料轮廓、与圣路关系及来源，只描述公共朝圣观察
C06,pohnpeian-traditional,波纳佩传统信仰与村社祈福余绪（Pohnpeian）,C,部分齐备,True,波纳佩高岛与原创宴席共享致敬,2,1,1,1,1,1,2,1,高岛村落未选；宴席食物材料、桌面关系与放置终态不足，来源未逐主张对应,选波纳佩公开高岛村景，补原创宴席盛器、食物与观看空间及终态，标与Sakau等级礼仪区别并配来源
C06,polish-folk-catholic,波兰民间天主教圣篮祝福与收获节祈福（Polish folk Catholicism）,C,部分齐备,True,波兰święconka象征食物卡装篮致敬,2,1,1,1,2,1,2,2,篮筐材质、白布与食物卡关系和展示位置未写；地区器型未选；装篮收尾未明,选波兰一处公开圣篮器型，补篮筐编织形制与白布陈设，明确象征卡片原创摆放及完成状态
C06,portuguese-romarias,葡萄牙罗马里亚朝圣与民间祈福（Portuguese Romarias／Fátima）,C,部分齐备,True,法蒂玛广场夜间蜡烛海的原创列队致敬,2,1,2,2,1,2,2,1,显现小堂轮廓、广场队列与观看位置缺细节；蜡烛器型未写,补 Fátima 广场与显现小堂关系、公开蜡烛队列观看位置及烛具外观和来源，明确原创列队练习停止条件
C06,purepecha,普雷佩查民间天主教与节庆祈福（Purépecha／P'urhépecha）,C,部分齐备,True,Janitzio湖区亡灵节公共意象的原创花朵致敬,2,1,1,1,2,2,2,1,祭坛材质层次、花朵器型和湖区观看空间不足；放花终态未写，主张未配来源,选Janitzio可公开观看祭坛参考，补台面花烛层次与水岸观者位置及原创放花终态；逐主张配来源
C06,quaker,贵格会静默崇拜与见证（Religious Society of Friends / Quakers）,C,部分齐备,True,贵格会静室一默静坐致敬,2,1,2,2,2,1,2,1,静室座具与公开文本卡形态未写；贵格会地域聚会类型未选；SPICES逐主张来源未关联,选贵格会一处无编排静默公共语境，补静室座具与卡片陈设，关联SPICES公开文本并标原创计时取舍
C06,romagnol-folk,罗马涅民间天主教与朝圣祈福（Romagnol）,C,部分齐备,True,Cesena Madonna del Monte 公开还愿物介绍,2,1,1,1,0,2,2,1,Cesena 还愿绘画或金属牌未选实例；陈列位置和主张来源不明,选定 Cesena 一件公开 ex-voto，补材质、可见图像与圣地陈列关系并关联对应来源
C06,romansh-folk,罗曼什民间基督教与阿尔卑斯祈福（Romansh）,C,明显不足,True,Ziteil高山圣地公开外观介绍,2,0,1,1,0,2,2,1,Ziteil建筑材料、入口与高山路径关系不足；访问过程仅概念，来源仅列表,补Ziteil夏季公共外观的建筑材质轮廓与山径观看关系，明确静态范围或访问起止并配来源
C06,rotuman-traditional,罗图马传统信仰与村社祈福余绪（Rotuman）,C,部分齐备,True,罗图马Katoʻaga共享食物与Apei介绍致敬,2,1,1,1,1,1,2,1,Apei材料编织外观与食物容器、村社桌空间和收尾缺失；具体场合与来源关联未选,选罗图马公开Katoʻaga场合，补Apei与桌食形制位置，写原创共享感谢结束状态并关联来源
C06,salentino-folk,萨伦托民间天主教与海岸朝圣祈福（Salentino）,C,部分齐备,True,Novoli Fòcara 柴垛篝火公共地景说明,2,1,1,2,1,2,2,1,柴垛构造、场地布局与观看范围未写；结束状态不足,补 Novoli Fòcara 公开柴垛形制、场地与观众关系及燃烧结束的可见描述，关联地方来源并厘清节期表述
C06,sammarinese-folk,圣马力诺民间天主教与共和朝圣祈福（Sammarinese）,C,明显不足,True,Basilica del Santo公开大殿外观介绍,2,1,1,1,0,2,2,1,Basilica外观材质、山城入口与公共观看位置缺失；来源未关联,补Basilica del Santo所选外观轮廓材料、山城街道与观看位置，说明9月3日或日常选择并逐主张配来源
C06,samoan-faa-samoa,萨摩亚／法阿萨摩亚村社礼仪与祝福文化（Samoan／Faʻa Sāmoa）,C,部分齐备,True,萨摩亚fale村绿与细席简介致敬,2,1,1,1,2,1,2,1,两地村社未选；开敞屋部件、细席编织与村绿位置和绕行范围不足；来源待逐主张对应,选萨摩亚一处公开村社语境，补fale屋顶支撑与村绿观看关系、ʻIe Samoa编织外观和原创绕行终点来源
C06,sardinian-folk,撒丁民间天主教与节庆祈福（Sardinian Folk／Sardegna）,C,部分齐备,True,Sassari Faradda 木烛台游行的原创协作致敬,2,1,2,2,1,2,2,1,木烛台柱身、基座与扛抬部件关系未写；选用行会和街道观看构图未定,补 Sassari 选定行会木烛台的结构表面和彩带位置、队列到教堂的空间关系并给来源
C06,savoyard-folk,萨瓦民间天主教与阿尔卑斯朝圣祈福（Savoyard）,C,明显不足,True,Notre-Dame de la Gorge公开朝圣外观,2,0,1,1,0,2,2,1,峡谷圣地外观材质和山路关系未写；公共观看范围不足，来源仅列表,补Notre-Dame de la Gorge夏季外观、峡谷山径与观看位置，写清访问起止或静态范围及逐主张来源
C06,scanian-folk,斯堪尼亚民间基督教与节期祈福（Scanian／Skåne）,C,明显不足,True,斯堪尼亚仲夏柱公共外观说明,2,1,1,1,1,0,2,1,地方活动未选；仲夏柱材料轮廓装饰、周边舞蹈观看范围未写；来源与切片未关联,选Skåne公开仲夏活动，补maypole构架与装饰形态及观看范围，逐主张关联来源
C06,scottish-folk,苏格兰民间基督教与圣岛—圣井祈福（Scottish）,C,部分齐备,True,Munlochy Clootie Well 井畔布条地景只读说明,2,1,2,1,0,2,2,1,Munlochy 井口、树木与布条可见形态及观看范围未写,补 Munlochy 井、树和布条的公共观看外观与相对位置及来源，保留不触碰不挂废物的提示
C07,serbian-slava,塞尔维亚斯拉瓦／家庭主保圣人日（Slava）,C,部分齐备,True,Slava家庭款待意象的原创蜡烛祝愿小品,2,1,1,2,1,1,2,2,蜡烛形制材料、宴席背景与点亮终态不具体；主保与斋期变体未选,选Slava公开家庭款待参照，补原创蜡烛与桌面位置、暗亮终态；标主保和斋期选择，不补真面包切割
C07,seto-traditional,塞托东正教与民间祈福传统（Seto／Setomaa）,C,部分齐备,True,Setomaa教堂田野和平灯火致敬,2,1,1,1,1,1,2,1,边境具体地方未选；教堂田野和烛台位置、灯火物件与收尾欠缺；来源未逐项关联,选Setomaa公开教堂田野切片，补外观与烛台空间关系、原创和平意向收尾及来源
C07,she-traditional,畲族传统信仰与祭祖祈福（She）,C,部分齐备,True,畲族三月三乌饭共享与原创茶山致敬,2,1,1,1,1,1,2,1,未选畲乡地区；乌饭与盛器、茶山及村寨关系缺失,选定福建或浙江一个已述畲乡公开三月三切片，补乌饭、茶食盛器和邻里桌外观及来源，明确灯火为原创
C07,shinto,神道,C,部分齐备,True,庭前一礼：鸟居入口停步低头的原创致敬,2,1,2,2,1,1,2,2,入口礼空间过程可用，但鸟居具体样式、材质和梁柱细节尚待选定；色彩与地方实例不能通用,选一处已列参考神社的鸟居入口样式，补材质、梁头连接及观看轮廓；停步俯低回正保留为产品演出，不扩成通用完整参拜
C07,sicilian-santa-rosalia,西西里圣罗萨莉亚朝圣与民间天主教祈福（Santa Rosalia）,C,部分齐备,True,巴勒莫Festino城市花车公共外观,2,1,1,1,2,2,2,1,Carro Trionfale部件材料、当年选用款式与主街观看位置未写；起止公共范围及主张来源欠缺,选巴勒莫某次公开Festino花车，补轮廓部件与街道位置、观礼起止范围并逐主张关联来源
C07,sidama-traditional,锡达马传统信仰与菲切—尚巴拉拉新年祈福（Sidama）,C,部分齐备,True,锡达马 Fichee 新年食物共享原创致敬,2,1,1,1,1,2,2,1,Qocho 与 buurisame 外观区别、盛器及共享位置未写,补锡达马 Fichee 公共共食中 Qocho、buurisame 的可见差别、容器和家庭至 Gudumaale 的观察关系，并关联来源
C07,slavic-folk,斯拉夫民间信仰与祈福（Slavic folk religion）,C,文字齐备,True,火边花环：参照波兰拉多姆Sobótki公开展演的原创放环,2,2,2,2,2,2,2,2,,编辑火边花环文案保留拉多姆当代博物馆展演参照与原创祝愿区别；具体花种按后续所选参考确定，不写统一花色象征
C07,slovak-folk,斯洛伐克民间天主教与朝圣祈福（Slovak）,C,明显不足,True,Levoča圣母山圣地外观,2,0,1,1,0,2,2,1,圣地建筑形制、山径与观看位置及来源对应欠缺,补Mariánska hora公开建筑材料外观、山径和观看范围并关联来源
C07,slovene-folk,斯洛文尼亚民间天主教与朝圣祈福（Slovene）,C,部分齐备,True,Ptuj Kurent 公共巡游外观说明,2,1,1,1,0,2,2,1,Ptuj 面具服饰材料、巡游队列与观看位置缺失；来源未逐主张对应,补 Ptuj 选定公开 Kurent 巡游的面具服饰外观、街道队列与观察起止并关联来源
C07,sorbian-folk,索布族民间天主教与复活节骑乘祈福（Sorbian／Lusatian）,C,部分齐备,True,上卢萨蒂亚复活节骑乘公共旁观说明,2,1,2,1,2,1,2,1,线路未选，礼帽礼服与马饰形制未写；队伍观察起止不足，主张未关联来源,选上卢萨蒂亚一条公开复活节骑乘线路，补礼帽马饰材料和路边观看范围及队伍起止，逐主张关联来源
C07,sorbs-folk,索布民间基督教与卢萨蒂亚祈福（Sorbs／Wends）,C,部分齐备,True,卢萨蒂亚Vogelhochzeit鸟婚公共外观,2,1,1,1,1,1,2,1,鸟婚具体村社未选；装扮部件材料、学校场地与公共过程范围未写；来源未逐项关联,选卢萨蒂亚公开鸟婚活动，补鸟婚童装装饰与场地观看关系、公开节目起止及来源
C07,tajik-folk,塔吉克民间伊斯兰与诺鲁孜祈福传统（Tajik folk）,C,部分齐备,True,逊尼塔吉克 Navruz 芽麦甜食与原创和解共享桌,2,1,1,1,1,1,2,1,未选河谷地区和桌陈变体；Sumanak 形态、容器与空间未写；出处未关联,选定逊尼塔吉克一处 Navruz 公开桌陈，补芽麦甜食及容器、桌面位置和来源；排除仅点名的 Chodhona
C07,thai-spirit-houses,泰国神屋／土地灵（San phra phum / phi）,C,部分齐备,True,檐下合十：街边san phra phum公开供养意象致敬,2,1,2,2,2,1,2,1,神屋器型材料、花环轮廓盛器及供养终态不足；未选地方街景，来源列表未对应主张,选泰国街边san phra phum实例，补柱台微型殿宇材料部件、花环盛器及放后状态；区分san chao thi并逐主张配来源
C07,theravada-buddhism,上座部佛教（泰缅斯里等地）,C,部分齐备,True,Songkran花水浇佛原创致敬,2,1,1,1,2,1,2,1,地区佛像器型未选；瓶与像材料、台座空间关系、浇水终止状态缺失；来源未对应,选泰国公开Songkran切片补佛像台座水瓶形制位置，写原创花水收尾并关联来源
C07,tibetan-buddhism,藏传佛教,C,文字齐备,True,廊前固定式转经筒的素面产品改编，限顺时针轻转,2,2,2,2,2,2,2,2,本结论只适用于固定转筒素面改编；有字装饰精细复原仍需文字底稿复核,把廊前固定筒说明中的 Rubin 藏品参照与尼泊尔廊道观察参照分别保留在设计文案；后续编辑明确素面装饰取舍
C07,ticinese-folk,提契诺民间天主教与阿尔卑斯朝圣祈福（Ticinese）,C,明显不足,True,Madonna del Sasso湖山圣地公开外观,2,0,1,1,0,2,2,1,岩上圣地建筑、湖山路径与观看关系未写；来源未关联朝圣主张,补Madonna del Sasso公开建筑外观材质、坡地入口与湖山观看位置，确定选用时段并逐主张配来源
C07,tokelauan-traditional,托克劳传统信仰与村社祈福余绪（Tokelauan）,C,部分齐备,True,托克劳Inati宴席共享致敬,2,1,1,1,1,1,2,1,三岛未选；渔获容器与宴席形制、潟湖教堂位置及状态欠缺；主张来源待关联,选托克劳一岛公开Inati场合，补渔获与宴席观看关系，写原创分享灯火收尾并关联来源
C07,tongan-faa-tonga,汤加／法阿汤加村社礼仪与祝福文化（Tongan／Faʻa Tonga）,C,部分齐备,True,汤加村社教堂外观与尊重伦理的原创致敬,2,1,1,1,1,1,2,1,未选村社；教堂形制、村社布局与简介灯终态不足；来源未逐项对应,选定汤加公开村社教堂外观参照，补建筑轮廓和观看范围，注明简介灯为原创并关联尊重伦理主张的出处
C07,tornedalian-folk,托尔内谷民间基督教与梅安基利祈福（Tornedalian／Meänkieli）,C,明显不足,True,托尔内河梅安基利语言地图静态说明,2,0,1,,0,1,2,1,语言地图地点范围与公开问候语未选；环境和来源对应不足；sequence不适用因仅静态说明,选托尔内河Kukkolaforsen相关公开语言地理点，补地图范围、梅安基利问候语及跨界差异，逐主张配来源
C07,totonac-traditional,托托纳克民间天主教与山灵祈福（Totonac）,C,部分齐备,True,托托纳克圣徒游行花朵原创致敬,2,1,1,1,1,1,2,1,韦拉克鲁斯地区与主保未选；花饰载像物件材料、街道位置和公开队列状态欠缺；来源未对应,选韦拉克鲁斯一处公开圣徒节，补花饰与巡游物件外观、街道观看范围和原创收尾及来源
C08,trentino-folk,特伦蒂诺民间天主教与阿尔卑斯祈福（Trentino）,C,部分齐备,True,San Romedio 悬崖圣地公开外观说明,2,1,1,1,0,2,2,1,圣所与崖壁及步道关系、材料轮廓、观看范围缺失；来源未对应,补 San Romedio 圣所外部轮廓与崖壁步道相对位置，限定公开观礼范围并关联来源
C08,tujia-traditional,土家族摆手与祖先祈福传统（Tujia／Bizika）,C,部分齐备,True,摆手坪公开舞者与原创致敬练习,2,1,2,1,2,1,2,1,具体武陵村落未选；鼓锣服饰材质与坪堂轮廓不足；环绕终止与主张来源未对应,选土家公开摆手坪参照，补堂坪和观看关系、鼓锣服饰可见形制及原创舞者终态，标地方变体并配来源
C08,tuvaluan-traditional,图瓦卢传统信仰与村社祈福余绪（Tuvaluan）,C,部分齐备,True,图瓦卢Maneapa宴席共享致敬,2,1,1,1,1,1,2,1,图瓦卢岛屿未选；会堂食物容器形态、环礁空间关系与共享状态欠缺；来源未对应,选图瓦卢一岛公开Maneapa场合补会堂桌食与环礁观看关系，写原创感谢收尾并关联来源
C08,umbrian-folk,翁布里亚民间天主教与朝圣祈福（Umbrian）,C,部分齐备,True,Assisi 圣方济各圣殿公开外观及和平文化说明,2,1,1,1,0,2,2,1,阿西西圣殿外形、山城背景及观看范围不足；和平文化出处未关联,补 Assisi 圣殿公开外立面材质轮廓与山城位置关系，逐项关联和平文化和建筑说明来源
C08,uzbek-folk,乌兹别克民间伊斯兰与诺鲁孜祈福传统（Uzbek folk／Navruz）,C,部分齐备,True,Navruz共享Sumalak的原创灶锅致敬,2,1,1,1,2,1,2,1,地区未选；灶锅材料部件与餐桌田野关系不足；搅拌終态和事实来源未对应,选乌兹别克Navruz公开共煮参照，补锅灶材料、Sumalak可见表面与共享桌位置，写原创搅拌起止并逐主张配来源
C08,valdostano-folk,瓦莱达奥斯塔民间天主教与阿尔卑斯祈福（Valdostano）,C,明显不足,True,Notre-Dame de la Guérison教堂外观,2,0,1,0,0,2,2,1,具体圣地立面材料、山谷关系与观看范围未写；主张来源未关联,补Notre-Dame de la Guérison公开立面、山谷背景与观看范围并逐主张注明来源
C08,valencian-fallas,瓦伦西亚法雅节与民间天主教节庆（Valencian Fallas／Falles）,C,部分齐备,True,原创 ninot 拼贴与瓦伦西亚广场节庆说明,2,1,1,2,1,2,2,1,ninot 部件与木架纸塑关系、广场观看布局未写；来源未逐主张对应,补瓦伦西亚 ninot 公开形制参照及广场布置关系，确定原创拼贴部件取舍；保留献花对象与抽象光效边界并关联来源
C08,veps-folk,维普斯民间东正教与森林祈福（Veps）,C,明显不足,True,维普斯语言地图与公共文化地理说明,2,0,1,,0,1,2,1,未选维普斯地域点和可公开问候语；环境和事实来源对应不足；sequence不适用因静态说明,选维普斯卡累利阿一处公开文化点，补地图地域范围、语言问候语与文化节差异并逐主张配来源
C08,volga-tatar-traditional,伏尔加鞑靼伊斯兰与民间祈福传统（Volga Tatar）,C,部分齐备,True,喀山清真寺节日桌共享致敬,2,1,1,1,1,1,2,1,Kul Sharif或其他喀山清真寺未明确选择；轮廓材料、食物容器桌位与结束状态欠缺；来源未对应,选喀山公开清真寺节庆切片，补轮廓与节日桌容器关系、原创共享状态及来源
C08,walloon-folk,瓦隆民间天主教与朝圣祈福（Walloon）,C,部分齐备,True,瓦隆 Marches 护送游行公共外观说明,2,1,1,1,1,1,2,1,未选瓦隆具体游行；制服旗帜形制、队列观礼位置缺失；出处未关联,选定 Entre-Sambre-et-Meuse 一处公开 Marches，补制服、旗帜和街道队列关系及观察起止，关联地方来源
C08,walser-folk,瓦尔瑟民间基督教与阿尔卑斯祈福（Walser）,C,明显不足,True,Maria Schnee高山小堂公开外观,2,1,1,1,0,1,2,1,跨国Maria Schnee实例未选；木屋教堂结构、山谷入口与观看空间不足，主张未配来源,选瓦尔瑟一处Maria Schnee公开小堂，补木质建筑轮廓部件、山谷位置与静态范围，标所在国家并逐主张配来源
C08,welsh-folk,威尔士民间祈福与节庆（Welsh Folk／Cymru）,C,部分齐备,True,威尔士Mari Lwyd彩带门前致敬,2,1,2,1,2,1,2,2,未选具体地方展演；仿头材质与白布支撑关系未写；对歌节奏和入户收尾未清楚,选Museum Wales公开Mari Lwyd展演切片，补仿头白布部件、门前位置，明确原创节奏入户结束状态
C08,wetu-telu-sasak,萨萨克韦图特卢／龙目岛地方伊斯兰传统（Sasak Wetu Telu）,C,部分齐备,True,林萨尔 Perang Topat 公开节庆与原创共享丰收篮,2,1,1,2,1,2,2,1,topat 编包形态、广场与篮子位置未写；来源未逐项关联,补 Pura Lingsar 公开节庆场地布局和 topat 可见叶包结构及出处；明确共享篮外形是产品设计决定
C08,won-buddhism,韩国圆佛教（Won Buddhism / Wŏnbulgyo）,C,部分齐备,True,圆心一默：四恩自省的原创卡片小品,2,1,2,2,1,2,2,1,一圆相象征与产品圆形区别还需视觉文字说明；四恩卡片和日记材质布局未写，教理主张未对应来源,补圆心一默四恩卡片与日记表面轮廓、展开状态及圆形展示关系，明确配色材质是产品决定；逐主张关联圆佛教教理来源
C08,yapese-traditional,雅浦传统信仰与村社祈福余绪（Yapese）,C,部分齐备,True,雅浦珊瑚礁村社宴席原创致敬,2,1,1,1,1,1,2,1,雅浦具体村社未选；宴席容器与潟湖教堂关系、共享灯火状态欠缺；来源未逐项对应,选雅浦公开村社环境补食物容器桌位、潟湖教堂观看关系和原创状态来源
C08,yazidi,雅兹迪（Yazidi / Êzidî）,C,范围待厘清,True,Lalish 油灯与祈愿结的只读文化介绍,2,1,1,1,1,2,1,1,仅教育无 how-to 与结绳解旧结点灯拟动作存在边界张力；油灯和结绳观看范围形制不明；出处未关联,先明确 Lalish 只读外观切片的公开观察资格及不触碰范围，补油灯彩巾的可见形制与来源，审定解旧结文字依据后再讨论改编
B01,abaza-traditional,阿巴扎民间伊斯兰与高加索习惯祈福（Abaza）,B,明显不足,True,阿巴扎清真寺外围与好客伦理公共说明,2,0,1,1,0,1,2,1,具体阿巴扎清真寺未选，材料轮廓与外围观看范围缺失；来源未配主张,选卡拉恰伊—切尔克斯阿巴扎公开清真寺外观，补材质构造、外围位置与静态观看边界并逐主张配来源
B01,abkhaz-traditional,阿布哈兹传统宗教与圣所祈福（Abkhaz／Apsua）,B,明显不足,True,Dydrypsh山脚圣所外围观览,2,0,1,1,0,2,2,1,Dydrypsh外围可见地标、林地材质和观看位置欠缺；事实来源未逐主张关联,补Dydrypsh获准公开外围地标、山脚林地位置及静态观看范围和来源，不补祭司仪轨
B01,acehnese-traditional,亚齐伊斯兰与圣墓—习俗法祈福（Acehnese）,B,部分齐备,True,亚齐 Kanduri 公开共餐远观介绍,2,1,1,1,0,1,2,1,未选亚齐共餐场合；食品器物和远观位置未写；出处未逐项对应,选定亚齐公开 Kanduri 场合，补桌面斋饭盛器与座席环境、观察到的分享过程及来源
B01,acholi-traditional,阿乔利传统宗教与祖灵祈福（Acholi）,B,明显不足,True,阿乔利语言文化与和解社会功能静态介绍,2,0,1,,0,1,2,1,只有地域伦理和概念；语言文化展示对象、地方实例及来源对应缺失；静态卡sequence不适用,选乌干达北部阿乔利公开语言文化实例，补可见公共教育物件与环境、地域差异并逐主张配来源；不补Mato Oput操作
B01,acoma-traditional,阿科马普韦布洛传统信仰与新墨西哥祈福（Acoma）,B,明显不足,True,Acoma高原聚落San Esteban公开外观,2,0,1,1,0,2,2,1,天台聚落与教堂轮廓材料、开放区域观看位置欠缺；来源未对应具体外观,补Acoma获准公开聚落与San Esteban外观及观看位置，逐主张关联资料并保持Kiva封存
B01,adi-traditional,阿迪传统信仰与东尼—波罗祈福（Adi）,B,部分齐备,True,阿迪 Solung 公开庆祝与河谷图文介绍,2,1,1,1,0,1,2,1,阿迪支系与河谷实例未选；服饰共餐可见细节不足；来源未对应,选定西亚昂一个阿迪支系的 Solung 公开庆祝，补服饰、共餐与河谷场所关系并关联出处，只描述观礼
B01,afar-traditional,阿法尔牧民信仰与祈福传统（Afar）,B,明显不足,True,达纳基尔荒漠与驼队公共远观氛围,2,1,1,1,0,1,2,1,具体路线未选；驼队可见对象与荒漠绿洲距离布局、运动观看范围不足，主张未对应来源,选阿法尔一处公开荒漠驼队参照，补地表和绿洲关系、驼队轮廓载具及远观过程，逐主张配来源；不补求雨主持
B01,ahom-phuralung,阿豪姆／普拉隆传统与祭祖节（Tai-Ahom Phuralung／Me-Dam-Me-Phi）,B,部分齐备,True,Charaideo Moidams遗产外观,2,1,1,1,0,2,2,2,坟丘轮廓、材料表面、外围路径与观看位置未描述,补Charaideo一处公开Moidam外观轮廓与外围路径关系，明示具体选用坟丘及可见范围
B01,aleut-unangan-traditional,阿留申／乌南干传统信仰与东正教祈福（Aleut／Unangan）,B,部分齐备,True,乌南干海岸 Iqyaq 皮艇文化外观介绍,2,1,1,1,0,1,2,1,群岛地区与皮艇实例未选；艇体材料结构及海岸陈列关系不足；出处未关联,选定乌南干公开皮艇实例，补艇体表皮骨架和轮廓、海岸或文化展陈位置及来源，不补狩猎仪轨
B01,alevi,阿列维／贝克塔什（Alevi–Bektaşi）,B,明显不足,True,cemevi外围与lokma款待文化说明,2,1,1,1,1,1,2,1,未选土耳其或巴尔干地方实例；cemevi外围形制、lokma盛器与公开展示位置不足，来源未对应,选明确公开的阿列维cemevi外围，补建筑材质、观看边界和lokma展示盛器；标地区差异与逐主张来源，不补Cem/Semah主持
B01,altai-burkhanism,阿尔泰／白教布尔汗信仰（Ak Jang／Burkhanism）,B,部分齐备,True,阿尔泰Jalama白丝带远观,2,1,1,1,1,1,2,1,阿尔泰具体地点未选；白丝带材质系置对象及山地背景位置欠缺；资料未逐主张对应,选阿尔泰公开Jalama远观切片，补白丝带与系置对象形态、背景和观看位置及来源
B01,alur-traditional,阿卢尔传统信仰与艾伯特湖祈福（Alur）,B,明显不足,True,阿卢尔艾伯特湖岸生计静态图文说明,2,0,1,0,0,1,2,1,未选艾伯特湖岸地区；湖岸村落及生计物件无具体描述；静态观看范围与来源关联缺失,选定阿卢尔公开湖岸村落观察切片，补生计器物材质外观、湖岸与村落关系及出处，不补 Rwoth/Jok 主持内容
B01,ambonese-traditional,安汶基督教／伊斯兰与马鲁古习惯法祈福（Ambonese）,B,明显不足,True,安汶港口与教堂清真寺公共外观,2,0,1,1,0,1,2,1,具体安汶港口建筑未选；材料空间观看范围不足，来源未关联,选安汶公共港口及一处堂寺外观参照，补建筑材质与港岸观看关系和公开范围；配Pela文化主张来源，不补结盟主持
B01,ambundu-traditional,安本杜传统信仰与北部安哥拉祈福（Ambundu / Kimbundu）,B,明显不足,True,罗安达城市教堂与Dikanza音乐说明,2,0,1,1,1,0,2,1,教堂与公开文化场合未选；Dikanza形制材料、城市观看范围未写；来源未关联音乐主张,选罗安达公开文化活动，补Dikanza可见器形、教堂或会场背景与静态观看范围及来源
B01,amis-taiwan,阿美族丰年祭／Ilisin（Amis／Pangcah，台湾）,B,部分齐备,True,Makotaay 丰年祭开放外围舞圈远观说明,2,1,1,1,1,2,2,1,Makotaay 服饰头饰外观、舞圈与观众外围关系缺失；开放时段和来源未逐项对应,补 Makotaay 已公开行程中的开放歌舞时段、舞圈外围观看位置和服饰外观，逐项关联部落公开资料
B01,amuzgo-traditional,阿穆斯戈民间天主教与纺织—雨神祈福（Amuzgo）,B,明显不足,True,阿穆斯戈公开huipil与织机文化展示,2,1,1,1,0,1,2,1,huipil织材纹理轮廓、织机结构与公开展示环境缺失；地区实例和来源未对应,选格雷罗或瓦哈卡公开阿穆斯戈织作展，补huipil材质形态、织机关系与观者范围，逐主张配来源，不补祈雨程序
B01,andean,安第斯／印加余绪（despacho、pago a la tierra）,B,明显不足,True,安第斯高原观览与Qoyllurit'i命名说明,1,0,1,1,0,1,2,1,高原地方地点未选；公开地标与观看位置、可见表现欠缺；所列卡亚瓦亚来源未对应朝圣切片,选Qoyllurit'i获准公开高原外围，补可见地标、观看位置与逐主张来源，仅作命名观览不补献地礼
B01,angami-traditional,安加米那加基督教与普夫察纳祈福余绪（Angami）,B,明显不足,True,安加米 Sekrenyi 与 Hornbill 公开文化节命名说明,2,0,1,0,0,1,2,1,未选科希马地方/舞台场合；服饰舞台与观看范围无细节；来源未关联,选定安加米公开文化节切片，补科希马舞台服饰、场地关系及可观察活动的来源
B01,anuak-traditional,阿努阿克传统宗教与尼罗河岸祈福（Anuak）,B,明显不足,True,Anywaa河岸生态地图静态说明,2,0,1,,0,1,2,1,河岸村落及地图范围未选；环境形制和主张来源缺失；静态介绍sequence不适用,选索巴特河或加姆贝拉Anywaa公开生态实例，补地图范围、河岸物件和观看环境，逐主张配来源，不补首领祭仪
B01,apatani-traditional,阿帕塔尼传统信仰与日—月祈福（Apatani）,B,明显不足,True,齐罗河谷稻作景观与Dree命名,2,0,1,1,0,2,2,1,齐罗稻田水系、Lapang可见轮廓及观看位置未写；来源未逐主张关联,补齐罗一处公开稻田与Lapang外观关系、静态观看范围及来源，不补Nyibu程序
B02,areare-traditional,阿雷阿雷传统信仰与马莱塔祈福（Are'are）,B,部分齐备,True,Are'are ‘Au 排笛公共展演文化介绍,2,1,1,1,1,1,2,1,未选马莱塔公共展演；排笛材料管列和表演空间未写；出处未关联,补 Are'are 选定公开 ‘Au 排笛器型的材料管列、音乐家与观众关系和可观察声音描述及来源
B02,ashaninka-traditional,阿沙宁卡传统信仰与亚马孙祈福（Asháninka）,B,明显不足,True,阿沙宁卡河流园地与masato公共文化说明,2,1,1,1,0,1,2,1,河流园地观看关系、masato盛器外观未写；秘鲁巴西实例未选，来源未对应,选一处阿沙宁卡公开园地文化展示，补河岸园地布局、masato可见盛器材质和观看范围，逐主张配来源；不补酿造植物用法
B02,atayal-taiwan,台湾泰雅族祖灵信仰与 gaga 祭仪（Atayal／Tayal）,B,部分齐备,True,泰雅山地聚落织品图鉴,2,1,1,1,1,1,2,1,部落支系未选；织品材料纹样资格与聚落外观、观看位置欠缺；主张来源未对应,选泰雅一部落公开织品，补材料编织与可用纹样边界、聚落背景及观看范围和来源
B02,avar-traditional,阿瓦尔民间伊斯兰与达吉斯坦圣地祈福（Avar）,B,明显不足,True,达吉斯坦阿瓦尔山村清真寺外观与历史说明,2,0,1,0,0,1,2,1,山村清真寺未选实例，外形布局和观看范围不足；历史主张未关联来源,选定阿瓦尔公开山村清真寺外观，补材料轮廓与村落位置及静态观看范围，关联 Shamil 历史说明出处
B02,aymara,艾马拉祈福与大地母亲礼仪（Aymara／Pachamama）,B,部分齐备,True,拉巴斯Alasita微型物市集公共旁观,2,1,1,1,1,2,2,2,所选微型物材料轮廓、摊位排列和观者关系不足；市集可观察购买过程缺起止,选拉巴斯Alasita一类公开微型物，补材质部件、摊位陈列与观者位置及公共购买观察过程；不補Yatiri主持
B02,azande-traditional,阿赞德传统宗教与祈福概观（Azande／Zande）,B,明显不足,True,阿赞德地理与Mbori概念卡,2,0,1,1,0,1,2,1,当代地区切片未选；可见公开环境与观看位置缺失；文本主张与资料未逐项对应,选阿赞德一个公开当代地区，补地图对应聚落或教堂外部地标与观看范围并关联来源
B02,bahai,巴哈伊信仰（Baháʼí Faith）,B,部分齐备,True,灵曦堂开放崇拜空间的只读文化介绍,2,1,1,1,1,1,2,1,未选灵曦堂地区；材料建筑与经文诵读空间关系不明；出处未逐项关联,选定一座已述灵曦堂，补九边形建筑材料、开放聆听位置及公共诵读观察范围，并关联来源
B02,bajau-traditional,巴瑶／萨马海洋伊斯兰与海灵祈福（Bajau／Sama）,B,明显不足,True,巴瑶萨马海岸船屋公开外观,2,1,1,1,0,1,2,1,菲律宾沙巴印尼实例未选；船屋材料、岸线关系和观看范围缺失，来源未对应,选一处巴瑶萨马公开船屋外景，补船壳屋顶材料、岸居空间与远观位置，逐主张配来源；不补送疫船
B02,bakweri-traditional,巴克韦里传统信仰与火山—祖灵祈福（Bakweri／Kwe）,B,明显不足,True,法科山社区减灾文化观览,2,0,1,1,0,2,2,1,法科山与社区的可见地貌建筑关系、观看范围及来源关联不足,补法科山公开社区地标、山体背景与静态观看位置，关联减灾文化主张来源，不补Male秘密知识
B02,balanta-traditional,巴兰塔传统信仰与稻作祈福（Balanta）,B,明显不足,True,巴兰塔 Bolanha 潮汐稻作伦理图文说明,2,0,1,0,0,1,2,1,未选几内亚比绍地区；稻田潮汐空间与生计物件不足；来源未关联,补巴兰塔公开 Bolanha 稻田切片的田埂水道与村落关系、生计物件可见形制及来源，不补 Fanado
B02,balinese-hindu,巴厘印度教（Agama Hindu Dharma / Agama Tirta）,B,部分齐备,True,Canang sari庭院供品公共旁观氛围,2,1,1,1,1,1,2,1,庙宇实例和Odalan或日常时段未选；供品轮廓花叶关系及庭院观看边界不足，来源未对应,选巴厘一处公开庭院Canang sari日常展示，补叶托花材可见关系、放置与观者位置及静态范围，逐主张配来源；不补圣水祝圣
B02,baloch-traditional,俾路支民间伊斯兰与部落荣誉祈福（Baloch）,B,明显不足,True,Koh-e-Murad朝圣地理命名说明,2,0,1,1,0,2,2,1,Koh-e-Murad公共地标外观、环境位置和观看范围无描述；来源未对应Zikri具体主张,补Koh-e-Murad公开地标与外部环境位置、静态观看范围及逐主张来源
B02,balti-traditional,巴尔蒂伊斯兰与喀喇昆仑民间祈福（Balti）,B,部分齐备,True,巴尔蒂 Lossar 公共火把祝福观礼介绍,2,1,1,1,1,1,2,1,未选斯卡杜等地方实例；火把形制与队列空间未写；出处未对应,选定巴尔蒂公开 Lossar 地方切片，补火把材料外观、河谷观礼位置与灯光过程，并关联来源
B02,bambara-bamana,班巴拉／巴马纳传统宗教（Bambara／Bamana）,B,部分齐备,True,博物馆语境Chiwara头饰静态展陈,2,1,0,1,1,1,2,2,未选具体头饰器型；角躯干连接、表面与博物馆陈列观看关系不足,选馆藏公开Chiwara头饰实例，补角身底座和木雕表面、展示台及观看范围，标器型地域差异；不补社团舞蹈主持
B02,bantu-ubuntu,班图世界观与乌班图（Ubuntu）,B,明显不足,True,Ubuntu公共和解伦理说明与议事空间外观,1,1,1,1,0,0,2,1,Kgotla或Inkundla未选地方社群；可见议事空间材料布局和观看位置未写；来源未逐项对应,选一种具名地方公开议事空间，补Kgotla或Inkundla外观布局及观看范围、Ubuntu解释来源，不补和解主持脚本
B02,basotho-sotho,巴索托／索托祖先祝福传统（Basotho／Sotho）,B,部分齐备,True,莱索托山地村落与 Seana Marena 毯袍文化说明,2,1,1,1,1,1,2,1,未选莱索托村落与毯袍实例；材质穿着关系和观察范围不足；出处未关联,补莱索托公开 Seana Marena 毯袍材质、轮廓和穿着位置，以及山地村落观看背景并关联来源
B02,batak-parmalim,巴塔克帕马林／乌加莫马林（Parmalim／Ugamo Malim）,B,明显不足,True,托巴湖畔传统房屋公开外观,2,1,1,1,0,1,2,1,具体房屋未选；材质部件与湖岸观看关系不足，来源未逐主张对应,选北苏门答腊托巴湖公开房屋实例，补屋顶墙体材质及湖岸位置、静态观看范围并配来源；区分旅游建筑与parsantian
B02,bathou-bodo,博多／巴托信仰（Bathou）,B,部分齐备,True,Bathousali中植Sijou竹篱外观,2,1,2,1,1,1,2,1,Sijou植株轮廓、成对竹条部件形态未写；家院或公共坛未选；观看范围与主张来源未对应,选博多公开Bathousali，补Sijou与竹篱陶灯外观、院落观看范围并逐主张关联来源
B02,bhutanese-drukpa,不丹竹巴噶举／宁玛佛教与策秋节祈福传统（Bhutanese Buddhism）,B,部分齐备,True,Drametse Ngacham 鼓之假面舞的公共远观说明,2,1,1,1,1,2,2,2,面具鼓具具体形制、舞者与观众场地关系及可见段落变化不足,补 Drametse 公开舞场的面具与鼓具部件、队列/观众位置，以及静穆至威猛的可观察差别，关联名录内容
B02,bhutia-traditional,布蒂亚藏传与锡金祈福（Bhutia）,B,明显不足,True,锡金开放寺院静态外围氛围,2,0,1,1,0,1,2,1,锡金寺院未选；建筑材质轮廓、神山背景与观看范围缺失；来源仅列表,选布蒂亚锡金一处开放寺院外围，补建筑形制、干城章嘉背景关系和静态观看范围，逐主张配来源
B03,bon,苯教（Bön / Bon）,B,部分齐备,True,苯教公开逆时针Kora沿道观览,2,1,1,1,1,1,2,1,具体苯教圣地路线未选；玛尼堆或寺院形制材料、方向参照与观看范围欠缺；来源未逐项对应,选苯教一条公开Kora路线补地标形制、逆时针参照与观看起止及来源，勿套用佛教固定筒资料
B03,bontoc-traditional,邦都传统信仰与卢马维格—祖灵祈福（Bontoc）,B,明显不足,True,邦都奇科河峡谷梯田与 Lumawig 伦理说明,2,0,1,0,0,1,2,1,峡谷梯田、公开生计物件与观看范围不足；地区实例及出处未选,选定奇科河上游公开梯田，补田埂河谷与村落关系、生计器物外观及来源
B03,borana-traditional,博拉纳传统信仰与东非牧祈福（Borana）,B,明显不足,True,博拉纳草原井泉公共静态氛围,2,0,1,1,1,1,2,1,草原井泉具体地点、井体取水物件和观看关系缺失；来源未对应,选博拉纳一处可公开说明的歌唱井，补井体形制、草场畜群与旁观位置；注明国家季节及主张来源，不补井泉仪轨
B03,boruca-traditional,博鲁卡传统信仰与收获节祈福（Boruca／Brunca）,B,部分齐备,True,博鲁卡公开雕刻面具图鉴,2,1,1,1,1,1,2,1,具体工匠作品与节庆未选；面具材料轮廓、陈列环境观看范围和来源欠缺,选博鲁卡公开面具作品，补雕刻部件材料表面与展示位置、作者及逐主张来源
B03,bozo-traditional,博佐传统信仰与尼日尔河渔猎祈福（Bozo）,B,明显不足,True,博佐 Sogo Bò 公开表演遗产说明,2,1,1,0,0,1,2,1,未选尼日尔河地方展演；木偶假面材料形制、场地和观礼过程缺失；来源不对应遗产主张,选定博佐公开 Sogo Bò 展演，补木偶假面外观与河岸观看布局和观察过程，并关联对应遗产来源
B03,brokpa-traditional,布罗克巴传统信仰与拉达克—边境祈福（Brokpa）,B,明显不足,True,Brokpa山谷公共节庆与Montho Tipi外观说明,2,1,1,1,1,1,2,1,拉达克具体村节未选；花饰头饰材料部件和山谷观看范围未写，来源未对应,选公开许可的Brokpa节庆实例，补Montho Tipi结构材料、农牧山谷与旁观位置，逐主张配来源，不补神谕
B03,bugun-traditional,布贡传统信仰与东尼—波罗—基督教祈福（Bugun／Khowa）,B,明显不足,True,布贡山地与Pham-Kho-Sowai概念说明,2,0,1,1,0,1,2,1,布贡具体村社公开地标、节庆外部环境和观看范围未写；来源未对应该节庆,选西阿鲁纳恰尔布贡公开村社，补Pham-Kho-Sowai会场外围可见物与观看范围，关联来源
B03,bunak-traditional,布纳克传统信仰与帝汶山地习惯法祈福（Bunak）,B,明显不足,True,布纳克跨境山地教堂外景与信仰并行说明,2,0,1,0,0,1,2,1,未选帝汶边境地方；教堂形制和村落关系未写；来源关联缺失,补布纳克一个公开山地教堂的材质轮廓、村落观看位置与跨境地图范围并关联来源
B03,bunun-taiwan,台湾布农族山地农猎祭仪与祖灵信仰（Bunun）,B,部分齐备,True,Pasibutbut公共音乐文化与山地聚落旁观,2,1,2,1,2,1,2,1,部落实例未选；石板屋和前院形制、小米外观及公共演唱观察起止不足，来源未对应,选布农公开Pasibutbut文化展演，补前院与演唱圈旁观位置、石板屋材质形态和观察起止；标地区季节并配来源，不补祭词
B03,cao-dai,高台教（Cao Đài / Caodaism）,B,部分齐备,True,Tòa Thánh Tây Ninh圣所外围观览,2,1,1,1,1,2,2,1,圣座建筑材料部件、圣眼可见位置与外围观看范围欠缺；来源未逐项关联,补Tòa Thánh Tây Ninh公开立面、圣眼标志位置与外围观看范围，逐主张关联资料
B03,chakma-traditional,查克玛上座部佛教与丘陵祈福（Chakma）,B,部分齐备,True,查克玛 Bizhu/Biju 公开水节远观说明,2,1,1,1,1,1,2,1,孟印缅地区未选；水节场地服饰及水的可见运动不足；出处未关联,选定查克玛一个公开 Bizhu/Biju 场合，补服饰水具、场地观看关系及水嬉可观察变化并给来源
B03,cham-balamon,占族婆罗门／阿希埃传统（Cham Balamon／Ahier）,B,部分齐备,True,Po Klong Garai古砖塔公共外围观赏,2,1,1,1,1,2,2,1,砖塔轮廓部件、塔前空间与观看位置不足；静态可见范围和主张来源未写,补Po Klong Garai砖塔基座塔身可见表面、塔前和外围观看关系，明确日常或Katé时段并逐主张配来源，不补塔内祭品
B03,chamorro-traditional,查莫罗传统信仰与和谐伦理（Chamorro traditional）,B,部分齐备,True,马里亚纳Latte石柱海岸观览,2,1,1,1,1,1,2,1,关岛或北马里亚纳遗址未选；石材表面柱帽轮廓及海岸观看位置欠缺；Latte主张来源未对应,选一处公开Latte遗址补柱帽轮廓、石面与背景关系及静态观看范围，关联遗产来源
B03,chatino-traditional,查蒂诺民间天主教与山灵祈福（Chatino）,B,部分齐备,True,Virgen de Juquila 圣所远观与查蒂诺朝圣说明,2,1,1,1,0,2,2,1,Juquila 圣所材料轮廓、山地关系和观看过程不足；来源未逐项对应,补 Juquila 公开圣所外观与朝圣者观看位置，关联查蒂诺朝圣主张及建筑来源
B03,chechen-vainakh,车臣／瓦伊纳赫传统信仰与苏菲祈福余绪（Chechen／Vainakh）,B,部分齐备,True,Galsh石塔山村公共远景,2,1,1,1,1,1,2,1,车臣或印古什塔楼实例未选；塔身部件、山谷村屋关系与静态范围不足，来源未配主张,选一处公开Galsh石塔参照，补塔身材料表面、村屋山谷与观者关系，标族群地点及逐主张来源，不补齐克尔
B03,cheondoism,天道教（Ch’ŏndogyo／Cheondoism）,B,明显不足,True,天道教周日教会公开外观说明,2,1,1,1,0,0,2,1,具体堂会未选，建筑陈设形制、观看范围和主张来源欠缺,选韩国天道教公开堂会，补建筑陈设、观看范围及逐主张来源
B03,chepang-traditional,切庞传统信仰与山林祈福（Chepang）,B,明显不足,True,切庞尼泊尔丘陵外观与土地语言伦理说明,2,0,1,0,0,1,2,1,丘陵村落与生计物件无描述；地方选择观看范围及出处不足,选定尼泊尔中部切庞公开丘陵村落，补农作采集器物外观、林田村落关系及来源
B03,chimbu-traditional,钦布／辛布传统信仰与高地基督教祈福（Chimbu／Simbu）,B,明显不足,True,Simbu高地园圃与公开Singsing外观,2,1,1,1,1,1,2,1,公开活动及地区未选；服饰材料、园圃场地和旁观范围不足，来源仅列表,选Simbu公开Singsing参照，补服饰可见材料轮廓、园圃背景与观看位置及公共过程，逐主张配来源，不补Bugla Oku仪轨
B03,chin-zomi-traditional,钦／佐米传统信仰与夸多节祈福（Chin／Zomi）,B,部分齐备,True,Zomi Khuado村落丰收灯光远观,2,1,1,1,2,1,2,1,支系村社未选，粮仓灯光鼓锣外观与相对位置、公开观看范围及来源不足,选Zomi当代Khuado公开庆祝，补粮仓灯具与场地观看位置、公开活动起止及来源
B03,chinantec-traditional,奇南特克民间天主教与山灵祈福（Chinantec）,B,明显不足,True,奇南特克瓦哈卡北部山地玉米伦理说明,2,0,1,0,0,1,2,1,未选支系村落；玉米地与村寨及物件无具体描述；出处未关联,选定奇南特克公开村寨切片，补玉米田与山地村落的空间、可见生计物件及来源
B04,choctaw-traditional,乔克托传统宗教与青玉米礼（Choctaw）,B,部分齐备,True,公共Stomp Dance教育舞地旁观示意,2,1,2,1,1,1,2,1,俄克拉荷马或密西西比公共展演未选；凉棚响器形制、舞地外侧观看范围与观察过程不足，来源未对应,选乔克托民族明确公开教育跺舞，补舞地凉棚材料与旁观界线、服饰响器及可观察起止并配来源；不补圣火操作
B04,chokwe-traditional,乔奎传统宗教与祖先—面具祈福（Chokwe）,B,部分齐备,True,乔奎Pwo博物馆面具鉴赏,2,1,1,1,0,1,2,1,Pwo或Cikunza具体展品未选，材料面部部件、陈列位置观看范围与来源欠缺,选乔奎公开Pwo展品，补材料面部轮廓、陈列观看范围及藏品来源
B04,chol-traditional,乔尔玛雅民间天主教与恰帕斯祈福（Chol）,B,范围待厘清,False,Señor de Tila 公开瞻礼图文（需先厘清族群归属）,1,1,1,1,0,1,2,1,Chol 与 Yokot'anob 自称归属矛盾未解决；Tila 物件场地形制与来源关联不足,核对 Chol/约科坦自称与 Señor de Tila 朝圣关系的公开来源，确定族群范围后补 Tila 蜡烛鲜花及广场观看关系
B04,chorti-traditional,乔尔蒂玛雅民间天主教与危地马拉—洪都拉斯祈福（Ch'orti'）,B,明显不足,True,Esquipulas公开朝圣静态外观,2,1,1,1,1,2,2,1,教堂与蜡烛鲜花位置、材料轮廓及静态观看范围不足；来源未配主张,补Esquipulas公开朝圣外观的建筑形制、花烛与观者关系，标瞻礼时段与来源，不补雨水教父程序
B04,chuj-traditional,丘赫玛雅民间天主教与跨界祈福（Chuj）,B,明显不足,True,San Mateo Ixtatán主保节外围说明,2,0,1,1,0,2,2,1,节庆可见物件、盐矿与村镇空间关系、观看范围及来源欠缺,补San Mateo Ixtatán公开主保节外围物件与村镇盐矿地标关系、观看范围及逐主张来源
B04,chuvash-traditional,楚瓦什传统信仰（Chuvash traditional religion／Tură／Kiremet）,B,部分齐备,True,楚瓦什 Kiremet 圣林外部观看与禁垦说明,2,1,1,1,0,1,2,1,未选伏尔加具体圣林；树栅栏形态和观看范围不足；来源未对应,补楚瓦什选定公开 Kiremet 圣林外围的树丛、空地与围护关系及来源，只描述外部观看
B04,cook-islands-maori,库克群岛毛利文化与 marae 祈福余绪（Cook Islands Māori／Māori Kūki ʻĀirani）,B,部分齐备,True,拉罗汤加marae公共遗产远景,2,1,1,1,0,1,2,1,marae实例未选；平台立石连接、潟湖岛景与观看边界不足，来源未关联,选库克群岛公开marae遗产点，补石平台立石排列表面、岛景远观位置与静态范围，标地方差异并逐主张配来源
B04,cuicatec-traditional,奎卡特克民间天主教与山灵祈福（Cuicatec）,B,明显不足,True,San Juan Bautista Cuicatlán主保节观览,2,0,1,1,0,2,2,1,主保节可见物形制、村寨背景与观看范围及来源欠缺,补Cuicatlán公开主保节物件与村寨空间、观看范围及逐主张来源
B04,dagomba-traditional,达贡巴传统信仰与加纳北部祈福（Dagomba / Dagbamba）,B,部分齐备,True,达贡巴 Damba 公开游行与 Lunsi 鼓乐说明,2,1,1,1,1,1,2,1,未选加纳北部具体场合；马队鼓具场地关系未写；UNESCO 主张缺对应来源,选定达贡巴公开 Damba 场合，补鼓具外观、马队和观众关系及声音过程，逐项关联公开遗产出处
B04,dai-xishuangbanna,傣族／西双版纳上座部与寨神祈福（Dai）,B,明显不足,True,西双版纳佛寺庭院与泼水节公共说明,2,1,1,1,1,1,2,1,具体西双版纳寺院节期未选；建筑水具花食形制与公共观看关系不足，来源未对应,选西双版纳公开佛寺庭院，补建筑材质、水具摆放及公共泼水观看范围，区分浴佛和娱乐层并逐主张配来源；不补寨神仪轨
B04,daoism,道教,B,部分齐备,True,道教斋醮公共香案灯烛观览,2,1,1,1,2,0,2,1,地方道派未选；公共香案旌旗材料位置、外围观看范围与来源欠缺,选华南或台湾一处公开道教场合，补香案灯烛旌旗形制位置与外围观看范围并关联来源，不补高功脚本
B04,daur-traditional,达斡尔传统信仰与萨满—敖包祈福（Daur）,B,部分齐备,True,达斡尔敖包公共远景说明,2,1,1,1,0,1,2,1,未选莫力达瓦等地域；敖包材质轮廓、外围观看范围与来源关联缺失,选定达斡尔公开敖包，补堆体与周边景观关系及材质外观、观看范围和来源
B04,deori-traditional,德奥里传统信仰与昆迪—妈妈祈福（Deori）,B,明显不足,True,德奥里Bisu节庆与神名伦理静态介绍,2,0,1,,0,1,2,1,只有节庆概念和地理；Bisu地区支系、展示对象环境及来源对应不足；静态卡sequence不适用,选德奥里Bisu公开文化实例，补可见节庆物件与场地、支系差异和逐主张来源，不补Thani主持
B04,dhimal-traditional,迪马尔传统信仰与特莱祈福（Dhimal）,B,明显不足,True,迪马尔Siruwa Parba公共节庆说明,2,0,1,1,0,1,2,1,尼泊尔或印度社群未选；公开节庆物件、场地观看范围与来源欠缺,选东南特莱迪马尔公开Siruwa Parba，补可见物件与场地位置、观看范围及来源
B04,dimasa-traditional,迪马萨传统信仰与代科神殿祈福（Dimasa）,B,明显不足,True,迪马萨 Bushu Dima 收获节公共文化说明,2,0,1,1,1,1,2,1,未选阿萨姆或卡查尔实例；服饰场地歌舞观察过程不足；出处未关联,补选定迪马萨公开 Bushu Dima 的服饰物件、场地观看关系与可观察歌舞过程并给出处
B04,diola-jola,迪奥拉／乔拉传统宗教与神龛祈福（Diola／Jola／Dyola）,B,明显不足,True,卡萨芒斯湿地稻作公共外观,2,1,1,1,0,1,2,1,湿地村落实例、稻田水面与住宅关系及静态观看范围缺失，主张未配来源,选Diola卡萨芒斯公开稻作村景，补湿地稻田水面、农具或住宅可见形制及远观范围，标季节并逐主张配来源
B04,dolgan-traditional,多尔干传统信仰与萨满—东正教祈福（Dolgan）,B,明显不足,True,多尔干苔原驯鹿集会观览,2,0,1,1,0,1,2,1,泰梅尔集会地点未选；鹿群营地外观关系、静态观看范围与来源欠缺,选多尔干公开驯鹿集会，补鹿群与营地苔原关系、观看范围及逐主张来源
B04,dolpo-traditional,多尔波藏传与山神祈福（Dolpo）,B,部分齐备,True,Shey Gompa 开放寺院供灯转经远观说明,2,1,1,1,1,2,2,1,灯具转筒与寺院空间位置不明；开放观看范围和来源对应不足,补 Shey Gompa 公开供灯转经区的灯具材质形制、廊道与观众位置及来源；保留不同宗教方向区分
B04,dong-kam,侗族／侗（Kam）萨岁信仰与鼓楼祈福（Dong／Kam）,B,部分齐备,True,侗寨鼓楼大歌公共旁观氛围,2,1,2,1,2,1,2,2,具体侗寨未选；木构鼓楼部件、月沼桥与歌班关系及观察起止未写,选公开侗寨鼓楼大歌展演，补楼层屋檐木构与歌班旁观位置、月沼风雨桥布局和静态或演唱观察范围；标地方差异，不补请萨
B04,duala-traditional,杜阿拉传统信仰与河口—基督教祈福（Duala）,B,明显不足,True,Wouri河Ngondo公共水节观览,2,1,1,1,1,2,2,1,舟具形制材料、岸线会场与观看位置、公共节目范围与来源不足,补Wouri公开Ngondo舟具与岸线会场、公共观看起止范围及逐主张来源，排除潜水神谕
B05,embera-traditional,恩贝拉／乔科传统信仰与jaibanismo祈福（Emberá／Jaibanismo）,B,部分齐备,True,恩贝拉河居桩屋公开外观说明,2,1,2,1,0,1,2,1,未选巴拿马或哥伦比亚社区；桩屋材料部件、河岸观看范围未写；来源未关联,选定恩贝拉公开河居聚落，补桩屋支撑屋面材质及河岸关系、外部观看范围并给来源
B05,enets-traditional,埃涅茨传统信仰与泰梅尔祈福（Enets）,B,明显不足,True,泰梅尔苔原驯鹿牧民节公共氛围,2,1,1,1,0,1,2,1,具体埃涅茨牧民节未选；驯鹿牧具、苔原聚落关系与观看范围不足，来源未对应,选泰梅尔埃涅茨公开牧民节参照，补驯鹿牧具可见形态、苔原场地观看关系和节期差异，逐主张配来源，不补Budtode鼓点
B05,even-traditional,埃文人传统信仰与驯鹿—萨满祈福（Even）,B,明显不足,True,埃文Hedi仲夏公共文化观览,2,0,1,1,1,1,2,1,埃文地区节庆未选；服饰场地形制、圆舞可见范围和来源欠缺,选埃文一地公开Bakaldydyn或Evinek，补服饰与Hedi场地观看关系、公开节目范围及来源
B05,ewondo-traditional,埃翁多传统信仰与森林—基督教祈福（Ewondo）,B,部分齐备,True,Basilique de Mvolyé 教会地标外观说明,2,1,1,1,0,2,2,1,Mvolyé 建筑轮廓、都市背景和观看范围未写；出处未对应,补 Mvolyé 公开外立面材料轮廓与雅温得背景及观看位置，关联埃翁多教会生活与建筑来源
B05,galo-traditional,加洛传统信仰与东尼—波罗—基督教祈福（Galo）,B,明显不足,True,Mopin与Popir公共节庆静态介绍,2,1,1,,1,1,2,1,Popir服饰、公开节庆场地未写；加洛具体地区与主张来源未对应；静态介绍sequence不适用,选加洛Mopin公开展演，补Popir服饰材料轮廓和观众场地关系，标地区时段及逐主张来源；不补Nyibu
B05,garo-songsarek,加罗宋萨雷克信仰（Garo Songsarek）,B,部分齐备,True,加罗100-Drums Wangala公共服饰观览,2,1,1,1,2,1,2,2,具体村社场合未选；织布服饰与鼓锣号角材料轮廓、舞场观看关系不足,选梅加拉亚公开Wangala，补服饰鼓锣可见形制、男女分列与外围观看范围并关联具体活动资料
B05,gogodala-traditional,戈戈达拉传统信仰与河谷—祖先祈福（Gogodala）,B,部分齐备,True,戈戈达拉独木舟节公开外观介绍,2,1,1,1,0,1,2,1,未选弗莱河公开节庆；舟体材质雕刻、河岸布局与过程未写；出处未关联,补戈戈达拉公开独木舟节的舟体轮廓材质、河岸观看关系与可观察活动并关联来源
B05,gond-traditional,贡德人氏族神与祖先祈福传统（Gond／Koitur）,B,明显不足,True,贡德Madai集市与Pardhan史诗公共说明,2,1,1,1,1,1,2,1,Madai地方实例未选；乐器服饰形制、空地林地关系和观察范围未写，来源未对应,选贡德公开Madai与Pardhan演出参照，补乐器材质、集市空地与旁观位置及公开过程，逐主张配来源；核对各节庆地名，不补丧仪
B05,gorowa-traditional,戈罗瓦传统信仰与库希特祈福（Gorowa／Gorwaa）,B,明显不足,True,戈罗瓦Loo圣林获准远观,2,0,1,1,0,1,2,1,Loo具体公开地点未选；林地可见地标、边界与观看位置无描述；现有地理来源未对应,补戈罗瓦获准公开Loo外围地标与静态远观范围，选具体地点并关联来源
B05,gurage-traditional,古拉格传统信仰与圣地—基督教／伊斯兰祈福（Gurage）,B,明显不足,True,古拉格 Enset 农景与社群伦理介绍,2,0,1,0,0,1,2,1,未选古拉格支系地方；Enset 植株、农景布局及观看范围缺失；出处未关联,选定古拉格公开 Enset 农景，补植物可见形态、宅院与田地关系及来源，区分地方宗教背景
B05,gurung-traditional,古隆传统信仰与祭司—佛教祈福（Gurung／Tamu）,B,明显不足,True,Tamu Lhosar公开文化地理静态说明,2,0,1,,1,1,2,1,古隆新年实例未选；服饰环境和来源对应不足；静态说明sequence不适用,选尼泊尔古隆公开Tamu Lhosar实例，补服饰材质、文化场地及地方差异，逐主张配来源，不补丧葬魂程
B05,gusii-traditional,古西传统信仰与高地—祖灵祈福（Gusii／Kisii）,B,明显不足,True,古西高地教堂与Engoro概念说明,2,0,1,1,0,1,2,1,具体古西高地公开地点未选；教堂农耕可见物件空间与观看范围、来源欠缺,选肯尼亚古西公开村镇，补教堂与茶香蕉农田外观关系、观看范围及来源
B05,hadiya-traditional,哈迪亚基督教／伊斯兰与凡达阿诺余绪（Hadiya）,B,明显不足,True,哈迪亚 Yahode/Masala 新年收获公开文化介绍,2,0,1,1,0,1,2,1,未选 Yahode/Masala 地方和时期；收获物件场地与观察过程缺失；出处未关联,补哈迪亚选定 Yahode/Masala 公开收获节的食品服饰与聚会空间、观察范围和来源，区别历史 Fandaanano 记忆
B05,haudenosaunee,豪德诺索尼／易洛魁感恩致辞与吊唁传统（Haudenosaunee）,B,部分齐备,True,东北林地长屋外围与感恩结构教育说明,2,1,1,2,1,1,2,2,所选六族或教育实例未定；长屋材料轮廓、林地及旁观位置不足,选一族授权公开教育长屋参照，补长屋外壳材质、入口和林地观看关系；公开致辞版本标族语差异，不补吊唁
B05,havasupai-traditional,哈瓦苏派传统信仰与大峡谷祈福（Havasupai）,B,部分齐备,True,哈瓦苏派峡谷瀑布伦理观览,2,1,1,1,2,1,2,1,公开瀑布未选；崖体水道轮廓、观看位置与许可范围、主张来源欠缺,选哈瓦苏派管理公开瀑布切片，补崖体水道与观看点关系、静态范围和逐主张来源
B05,hawaiian,夏威夷原住民祈福与 hoʻokupu／makahiki,B,部分齐备,True,夏威夷 Heiau 遗址公开远观与土地伦理说明,2,1,1,1,0,1,2,1,未选开放 Heiau；遗址材料构造与观看位置未写；来源未对应,选定夏威夷国家历史公园公开 Heiau 远观切片，补石构轮廓与观众界线、周边土地关系及来源
B05,hazara-traditional,哈扎拉十二伊玛目什叶与阿富汗民间祈福（Hazara）,B,明显不足,True,Hosseiniyeh与Nazar公开社会文化静态介绍,2,0,1,,0,1,2,1,聚会堂与公厨器物形制未写；本土流散实例未选，来源未对应；静态说明sequence不适用,选哈扎拉公开Nazar社会文化实例，补聚会堂公厨环境和盛器外观、观看边界及地域差异并配来源，不补自伤
B05,hehe-traditional,赫赫传统信仰与祖灵—基督教祈福（Hehe）,B,明显不足,True,Kalenga／Mkwawa公开纪念外观,2,0,1,1,0,2,2,1,Kalenga纪念物件与建筑外观、环境观看范围和主张来源未写,补Kalenga公开纪念场所外观材料、环境位置与静态观看范围及来源
B05,hlai-traditional,黎族传统信仰与祖先—动物灵祈福（Hlai／Li）,B,部分齐备,True,海南黎族公开竹竿舞文化远观说明,2,1,1,1,1,1,2,1,未选黎族支系及公开展演；竹竿排列、舞者与观众关系及节奏描述不足；出处未关联,补海南选定黎族公开竹竿舞的竹竿材料排列、服饰外观和舞场观看关系及可观察节奏，并给来源
B05,hmar-traditional,赫马尔基督教与佐米传统祈福余绪（Hmar）,B,明显不足,True,Hmar信仰变迁与公开唱诗文化静态说明,2,0,1,,1,1,2,1,Hmar堂会或节庆实例未选；唱诗观看环境形制及事实来源不足；静态说明sequence不适用,选Hmar公开堂会唱诗参照，补唱诗班与教堂空间关系、可见环境对象和地区差异，逐主张配来源，不补教会主持
B06,hrusso-traditional,赫鲁索／阿卡传统信仰与东尼—波罗—基督教祈福（Hrusso／Aka）,B,明显不足,True,Hrusso Nechido公开收获节说明,2,0,1,1,0,1,2,1,具体村社未选；Nechido公开物件、会场观看位置与来源欠缺,选Hrusso公开Nechido场合，补可见物件与山地会场空间、观看范围和来源
B06,huastec-traditional,瓦斯特克／特内克民间天主教与山灵祈福（Huastec／Teenek）,B,明显不足,True,Tamaletón Voladores 公开遗产远观说明,2,0,1,1,0,2,2,1,Tamaletón 装置服饰和场地无描述；观察过程不足；UNESCO主张未关联对应来源,补 Tamaletón 公开飞人遗产的可见杆架服饰、观众位置和运动过程文字，并关联对应出处
B06,huave-traditional,瓦韦民间天主教与潟湖祈福（Huave／Ikoots）,B,明显不足,True,San Mateo del Mar潟湖伦理与蛇舞静态说明,2,0,1,,1,2,2,1,潟湖与蛇舞公开环境对象不足；运动仅舞名，主张未配来源；静态说明sequence不适用,补San Mateo del Mar公开蛇舞可见服饰、潟湖岸线与旁观位置，标选用节期并逐主张配来源，不补疗愈
B06,hyolmo-traditional,约尔莫传统信仰与藏传佛教祈福（Hyolmo／Helambu）,B,明显不足,True,Hyolmo Yangri Ri公开神山远观,2,0,1,1,0,2,2,1,Yangri Ri可见山体地标、经幡轮廓材质与观看点未写；来源未对应具体神山,补Yangri Ri公开远观地标、经幡与山体位置和观看范围，逐主张关联Hyolmo资料
B06,iban-sarawak,沙捞越伊班传统信仰与加威节祈福（Iban）,B,部分齐备,True,伊班 Gawai Dayak 公开长屋外观与丰收说明,2,1,1,1,1,1,2,1,未选沙捞越长屋实例；材料廊道布局、服饰食品与公开观看关系不足；来源未对应,补选定伊班公开 Gawai 长屋的屋面支撑、走廊与观看界线及服饰食品外观，并关联来源
B06,ifugao-traditional,伊富高稻作—祖灵祈福传统（Ifugao）,B,部分齐备,True,伊富高石砌梯田与公共Hudhud文化旁观,2,1,1,1,2,1,2,2,梯田村落实例未选；石墙水渠与村屋观看关系、吟唱观察起止不足,选伊富高公开梯田Hudhud文化场合，补石墙水渠轮廓、村落旁观位置和主诵歌队过程范围；标农时差异，不补Mumbaki
B06,igbo-odinani,伊博传统宗教（Igbo / Odinani）,B,部分齐备,True,伊博Iri Ji新薯节公共观览,2,1,1,1,2,1,2,1,地方活动未选；薯类容器服饰鼓器形制、广场观看位置和公共过程范围欠缺；来源未对应,选尼日利亚伊博公开Iri Ji，补新薯与鼓乐服饰外观、广场观礼范围及逐主张来源
B06,ingush-traditional,印古什民间伊斯兰与高加索塔楼祈福（Ingush）,B,部分齐备,True,印古什 Egikal 石塔建筑遗产公开外观说明,2,1,1,1,0,2,2,1,Egikal 塔体部件、山地位置与观看范围不足；出处未关联,补 Egikal 公开石塔轮廓、开口屋顶和塔群在山坡的关系，限定观看范围并给来源
B06,iraqw-traditional,伊拉克伍传统信仰与库希特祈福（Iraqw）,B,明显不足,True,Iraqw语言地理与雨季静态说明,2,0,1,,0,1,2,1,仅雨季地理与伦理，地方对象环境和来源不足；sequence不适用静态说明,选Iraqw曼亚拉或阿鲁沙公开农牧景观，补可见对象与雨季环境、地区差异并逐主张配来源，不补求雨
B06,itelmen-traditional,伊捷尔缅传统信仰与乌鸦—家灵祈福（Itelmen）,B,部分齐备,True,伊捷尔缅Alkhalalalai公共节庆服饰观览,2,1,1,1,1,1,2,1,具体村社场合未选；服饰面具材料轮廓、展示位置与公共可见范围、来源欠缺,选堪察加公开Alkhalalalai，补服饰或面具形制、场地观看范围并关联来源
B06,jakaltek-traditional,哈卡尔特克玛雅民间天主教与跨界祈福（Jakaltek／Popti'）,B,部分齐备,True,Popti' Candelaria 主保节公开圣像游行说明,2,1,1,1,0,1,2,1,未选跨境地方；圣像服饰与游行场地起止不明；出处未关联,选定 Popti' 公开 Candelaria 场合，补圣像及抬架形制、街道观礼位置与观察过程，并关联来源
B06,jarai-traditional,嘉莱族传统信仰与高原祈福（Jarai／Giarai）,B,明显不足,True,嘉莱新米新屋公共节庆锣乐氛围,2,1,1,1,1,1,2,1,具体嘉莱村节未选；锣材质形制、宴席位置与观看过程不足，来源未关联,选嘉莱公开新米节庆，补锣可见形制表面、宴席家屋关系及公共观看范围，标地区并配来源，不补Pa thi
B06,jingpo-kachin,景颇／克钦传统信仰与目瑙纵歌祈福（Jingpo／Kachin）,B,部分齐备,True,德宏目瑙场地与公共服饰观览,2,1,2,1,2,1,2,1,德宏具体活动未选；目瑙柱材料轮廓与服饰部件、外围观看范围和来源欠缺,选德宏公开目瑙场地补柱体纹样与服饰外观、环舞外围观看范围及来源
B06,jirel-traditional,吉雷尔传统信仰与喜马拉雅祈福（Jirel）,B,部分齐备,True,吉里 Gomba 公开年节寺院远观说明,2,1,1,1,0,1,2,1,未选多拉卡/吉里寺院；经幡转筒形制与寺院关系不足；来源未对应,补选定吉雷尔公开 Gomba 的经幡、转筒与院落观看关系及器物外观，关联年节来源
B06,kabardian-traditional,卡巴尔达民间伊斯兰与切尔克斯习惯祈福（Kabardian）,B,明显不足,True,Adyge Khabze好客与Nart文化静态说明,2,0,1,,0,1,2,1,只剩伦理史诗概念，地区场合和可见环境不足，来源未对应；sequence不适用静态卡,选卡巴尔达公开好客文化实例，补席位与公共展示物件环境、地域差异并逐主张配来源，不补zikr
B06,kadazan-dusun-momolianism,卡达山—杜顺／莫莫里安信仰（Kadazan-Dusun／Momolianism）,B,部分齐备,True,沙巴Kaamatan公共舞台稻田观览,2,1,1,1,1,1,2,1,沙巴具体社群场合未选；舞台服饰材料轮廓与稻田位置、公共节目观看范围及来源欠缺,选沙巴公开Kaamatan场合，补服饰舞台稻田空间与Sumazau公开可见范围并关联来源
B06,kafa-traditional,卡法传统信仰与埃塞西南祈福（Kafa / Kaffa）,B,部分齐备,True,卡法 Bunno 咖啡公共文化外观说明,2,1,1,1,0,1,2,1,未选卡法公开场合；咖啡器具材质形制、陈列与观看范围不足；出处未对应,补卡法公开 Bunno 咖啡文化切片的器具材料部件和空间摆放，关联来源，不补供奉主持流程
B06,kaharingan,婆罗洲达雅克 Kaharingan／祖先与二次葬仪礼,B,明显不足,True,许可范围内Sandung外观教育展陈,2,1,1,1,0,1,2,1,Sandung实例、材质支撑轮廓与外围观看界线缺失，来源未对应,选中加里曼丹Ngaju明确公开Sandung外观参考，补材质部件表面和外围观看范围，标地方器型与逐主张来源，不补迁骨
B06,kalasha,卡拉什（Kalasha / Kalash）,B,部分齐备,True,卡拉什Chilam Joshi春节公共观览,2,1,1,1,1,1,2,1,本布勒特等山谷未选；乳品容器服饰外观与场地位置、公共观礼范围和来源欠缺,选卡拉什一山谷公开Chilam Joshi，补乳品容器服饰外观与观看位置及来源
B06,kalinga-traditional,卡林加传统信仰与科迪勒拉祈福（Kalinga）,B,明显不足,True,卡林加 Bodong 和平协定文化图文说明,2,0,1,0,0,1,2,1,未选卡林加公开和平文化场合；展示物件场所与观看范围未写；出处未关联,补卡林加公开 Bodong 文化介绍的地方范围、可见文献或陈列环境及来源，不补协定主持或文身工序
B07,kalmyk-buddhism,卡尔梅克藏传佛教祈福传统（Kalmyk Buddhism）,B,明显不足,True,埃利斯塔Golden Abode公开寺院外观,2,1,1,1,1,2,2,1,金殿建筑材料、屋顶入口与供灯观看关系不足；公共范围和主张来源未写,补Burkhan Bakshin Altan Sume公开外观材质轮廓、入口观看界线，标日常或Zul时段并逐主张配来源，不补僧伽礼仪
B07,kanak-customary,卡纳克习惯法与祈福礼仪（Kanak customary）,B,明显不足,True,努美阿Tjibaou文化中心公共外观,2,1,1,1,0,2,2,1,文化中心建筑材料轮廓、展品与潟湖位置和观看范围欠缺；来源未对应该中心,补Jean-Marie Tjibaou文化中心公开建筑部件、展品陈列与观看范围，逐主张关联来源
B07,kanuri-traditional,卡努里伊斯兰与博尔努宫廷—民间祈福（Kanuri）,B,部分齐备,True,博尔努 Durbar/Gani 宫廷节庆公共远观说明,2,1,1,1,0,1,2,1,未选博尔努节庆及时期；马匹装饰仪仗形制、场地与过程不足；出处未关联,选定卡努里公开 Durbar/Gani 场合，补马队仪仗外观、观众位置及行进过程，关联历史来源
B07,kaqchikel-traditional,卡克奇克尔玛雅民间天主教与危地马拉高地祈福（Kaqchikel）,B,明显不足,True,Kaqchikel公开Cofradía瞻礼静态氛围,2,1,1,1,1,1,2,1,城镇主保节未选；花烛神龛材料、旁观位置与静态范围不足，来源未对应,选Kaqchikel公开瞻礼实例，补花烛与教堂或神龛外观关系、观者界线，注明主保地区及逐主张来源，不补Ajq’ij
B07,karachay-traditional,卡拉恰伊民间伊斯兰与高加索山地祈福（Karachay）,B,明显不足,True,卡拉恰伊文化地理与Nart史诗说明,2,0,1,1,0,1,2,1,具体山地公开地点未选；可见地标空间与观看范围、Nart切片来源欠缺,选卡拉恰伊公开文化地点，补山地地标外观和观看位置并逐主张关联Nart说明来源
B07,karbi-traditional,卡尔比传统信仰与洪哈里—祖灵祈福（Karbi）,B,明显不足,True,卡尔比 Rongker 村域祝福概念与山地文化说明,2,0,1,0,0,1,2,1,未选卡尔比村域与公开活动；环境物件及观看范围缺失；来源未对应,补卡尔比昂朗选定公开 Rongker 文化说明的村域景观、可见服饰物件和外围观看范围并关联出处
B07,karen-traditional,克伦族传统信仰与山地灵力—佛教接触（Karen Traditional）,B,明显不足,True,克伦山地村寨与Khee Htoo结绳公共说明,2,1,1,1,0,1,2,1,支系地区未选；结绳材料轮廓与村寨观看关系不足，來源未配主张,选克伦Sgaw或Pwo公开Khee Htoo展示，补绳线结形可见外观和村寨观者位置，标地区并逐主张配来源，不补固魂教程
B07,kayapo-traditional,卡亚波／梅本戈克雷祈福与命名礼仪概观（Kayapó／Mebêngôkre）,B,明显不足,True,卡亚波领地地图环保说明,2,0,1,1,0,1,2,1,具体领地社群未选，公开生态地标与观看范围无描述，来源未逐主张关联,选Mebêngôkre公开领地地图切片补生态地标、静态观看范围与环保主张来源
B07,kazakh-traditional,哈萨克传统民俗与腾格里—伊斯兰祈福文化（Kazakh Traditional）,B,部分齐备,True,突厥斯坦 Khoja Ahmed Yasawi 圣陵公开外观说明,2,1,1,1,0,2,2,1,圣陵材料部件、外部观看位置与背景不足；出处未对应,补突厥斯坦 Yasawi 圣陵公开外立面材质轮廓、入口及观看位置，关联朝谒文化与建筑来源
B07,kejawen,爪哇克贾文／爪哇教（Kejawen / Agami Jawi）,B,部分齐备,True,Slametan村落宴席公共旁观氛围,2,1,1,2,1,1,2,1,爪哇地区实例未选；tumpeng与托盘材料形态、宴席空间和观看位置不足，主张未关联来源,选爪哇公开Slametan文化展示，补tumpeng轮廓托盘材质和邻里席位旁观关系；标地区变体并配来源，不补Modin祷词
B07,kelabit-traditional,克拉比特基督教与高地巨石记忆祈福（Kelabit）,B,明显不足,True,Mount Murud公共基督教山地观览,2,0,1,1,0,2,2,1,山地公共祈祷场所建筑地标、外部位置及观看范围缺失，主张来源未对应,补Mount Murud公共祈祷场所外观与山体地标关系、静态观看范围及来源
B07,ket-traditional,凯特传统信仰与叶尼塞萨满祈福（Ket）,B,明显不足,True,凯特叶尼塞河风景与 Es/Allel 概念说明,2,0,1,0,0,1,2,1,未选凯特聚落；河岸及公开生计物件与观看范围无描述；出处未对应,选定凯特公开叶尼塞河岸切片，补河岸聚落与生计器物关系和来源，只作概念教育不制作喂偶
B07,khakas-traditional,哈卡斯萨满与腾格里祈福传统（Khakas）,B,明显不足,True,Tun Pairam盆地泰加公共乳品节庆,2,1,1,1,1,1,2,1,地区节期实例未选；乳品盛器外观、场地背景及观看过程不足，来源未对应,选哈卡斯公开Tun Pairam乳品节庆，补盛器食物表面、盆地场地与观者位置和公共过程，逐主张配来源，不补Kam
B07,khasi-niam,卡西传统信仰／尼阿姆卡西（Niam Khasi）,B,部分齐备,True,Mawphlang圣林外缘石碑观览,2,1,1,1,1,2,2,1,石碑材质形态与林缘关系、观看位置缺失；来源未逐主张对应,补Mawphlang外缘公开石碑轮廓表面、林缘位置与观看范围并关联资料
B07,khmu-traditional,克木传统信仰与魂灵—稻作祈福（Khmu／Kmhmu）,B,部分齐备,True,克木 Boun Greh 收获节村寨外观说明,2,1,1,1,0,1,2,1,未选老挝北部村寨；共餐器物、稻田场地与观看过程未写；出处未对应,补选定克木 Boun Greh 公开共餐器物外观、村寨稻田关系和观看过程及来源
B07,kiche-maya,基切玛雅精神传统与日守者祈福（K'iche'／Quiché Maya）,B,明显不足,True,Chichicastenango主保节公共外观氛围,2,1,1,1,1,2,2,1,圣像材料轮廓、主保节场地与观看关系缺失；公共过程只有弥撒游行名，来源未对应,补Chichicastenango所选主保节公开圣像器型、教堂市集与观者关系及队列起止，逐主张配来源；不补历日占卜
B07,kinnauri-traditional,金瑙尔民间信仰与喜马偕尔祈福（Kinnauri）,B,部分齐备,True,金瑙尔Phulaich公开花节观览,2,1,1,1,1,1,2,1,具体山谷场合未选；花饰服饰形制、公共场地位置和观看范围欠缺；Kullu资料不能默认替金瑙尔,选金瑙尔公开Phulaich，补花饰服饰材料与场地观看关系，并给本地逐主张来源
B07,kirati-mundhum,基拉特／Mundhum 信仰（Kirati Mundhum／Kiratism）,B,部分齐备,True,拉伊 Sakela 季节歌舞公开远观说明,2,1,1,1,1,2,2,1,服饰鼓具材料、场地队列及观看过程不足；地方实例与出处未对应,选定东尼泊尔拉伊公开 Sakela，补鼓具服饰外观、观众与舞场关系及季节范围，关联来源
B07,kiribati-traditional,基里巴斯传统信仰与集会堂祈福余绪（Kiribati／I-Kiribati／Maneaba）,B,部分齐备,True,Maneaba集会堂公开建筑文化旁观,2,1,1,2,1,1,2,1,具体岛村未选；木茅梁柱屋顶关系和boti旁观范围不足，来源未对应,选基里巴斯公开Maneaba参照，补木柱茅顶构造、席位和访客观看位置；标岛屿差异并逐主张配来源，不补anti召唤
B07,komi-traditional,科米传统信仰（Komi／Zyryan–Permian）,B,明显不足,True,科米Lud草甸公共观览,2,0,1,1,1,1,2,1,Zyryan或Permian地区未选；草甸公共地标与节庆物件、观看位置来源欠缺,选科米公开Lud场合补草甸地标和公共可见物件、观看范围及逐主张来源
B08,koryak-traditional,科里亚克传统信仰与乌鸦—萨满祈福（Koryak）,B,部分齐备,True,内陆科里亚克 Kilvey 驯鹿节远观说明,2,1,1,1,0,2,2,1,鹿群牧具服饰与苔原聚会空间未写；观礼过程和来源对应不足,补内陆科里亚克公开 Kilvey 的鹿群、牧具与聚会观看位置及可观察活动，关联出处
B08,kumyk-traditional,库梅克民间伊斯兰与达吉斯坦低地祈福（Kumyk）,B,明显不足,True,达吉斯坦库梅克低地清真寺公共外观,2,1,1,1,0,1,2,1,清真寺实例未选；材料轮廓、低地入口与观看范围不足，主张来源未配,选库梅克公开清真寺外观，补材料部件、低地场地与观者位置，注明所选节期并逐主张配来源，不补Mawlid主持
B08,kunama-traditional,库纳马传统信仰与厄立特里亚—埃塞边境祈福（Kunama）,B,明显不足,True,库纳马边境农场静态观览,2,0,1,1,0,1,2,1,边境地区未选；农场物件材料、田地村落位置与观看范围欠缺，来源未对应,选库纳马公开农场地理切片补田地与村落可见物及静态观看范围，关联来源
B08,kuria-traditional,库里亚传统信仰与湖区—祖灵祈福（Kuria）,B,明显不足,True,库里亚跨界地理与信仰光谱图文说明,2,0,1,0,0,1,2,1,肯坦交界地方未选；公开教堂村落和生计物件、观看范围无描述；出处未关联,补库里亚选定公开教堂或农牧村落的外观和维多利亚湖东侧位置关系及来源，不补年龄组入会
B08,kwaraae-traditional,夸拉阿埃传统信仰与马莱塔祈福（Kwara'ae）,B,明显不足,True,马莱塔岛获准公开海景与村落氛围说明，不展示Beu aabu内部,2,1,1,1,0,1,2,1,村落建筑与海岸仅有名称，缺可见形制和观看范围；未选具体村落、当代时段；来源未对应主张,选定获准公开的马莱塔村落海岸，补普通建筑材质轮廓、海岸背景及观者位置；不要补Beu aabu内部仪轨；逐主张标注来源。
B08,kyrgyz-traditional,吉尔吉斯传统民俗与玛纳斯—腾格里祈福文化（Kyrgyz Traditional）,B,明显不足,True,吉尔吉斯草原毡房与Manas简介观览,2,1,1,1,1,1,2,1,具体草原社群未选；毡房材料部件与观看位置欠缺；Manas来源有说明但未关联场景形制,选吉尔吉斯公开草原场合，补毡房材料部件、观看范围并关联场景主张来源，保持Manas非操作简介
B08,ladakh-buddhist,拉达克藏传佛教与山神祈福（Ladakh）,B,部分齐备,True,Hemis Tsechu 寺院广场 Cham 公众远观说明,2,1,1,1,1,2,2,1,Hemis 面具仪仗形制、观众与广场关系及公开舞段变化未写；出处未对应,补 Hemis 公开节庆面具仪仗外观、舞场观众位置和可观察段落变化，关联 IGNCA 等已有来源
B08,lahul-traditional,拉豪尔藏传与喜马偕尔祈福（Lahul / Lahaul）,B,部分齐备,True,拉胡尔Halda冬季雪松火把节的公开观看层,2,1,1,2,2,1,2,1,雪松火把束扎与轮廓、广场观看位置未写；谷地与公开节目未选，来源只有链接,选定拉胡尔一处谷地的Halda公开节目，补雪松火把可见部件、村落广场火把与观众关系及公开结束状态，并给过程与时段逐项配来源。
B08,lango-traditional,兰戈传统宗教与祖灵祈福（Lango）,B,明显不足,True,兰戈语言文化与公开教堂说明,2,0,1,1,0,1,2,1,北乌干达公开堂会未选；教堂可见外观环境与观看范围、主张来源欠缺,选兰戈公开文化堂会补建筑外观、观看位置及来源，不补Apo家祠或创伤仪轨
B08,lepcha-mun,雷布查／Mun 信仰（Lepcha Mun／Bongthing）,B,部分齐备,True,Tendong 圣山节公共山景与感恩文化说明,2,1,1,1,1,2,2,1,Tendong 服饰形制、山景与公开聚会场地关系及观看过程不足；出处未对应,补 Tendong 获准公共圣山节的服饰、山景与观众布局和歌舞观察范围，关联地方公开来源
B08,limba-traditional,林巴传统信仰与伊斯兰—基督教祈福（Limba）,B,明显不足,True,林巴语言与信仰光谱、Saraka公共慈善意义的静态说明,2,0,1,,0,1,2,1,Saraka公共慈善的可见对象与环境缺失；静态概念说明不含观察过程；塞拉利昂北部具体地方与时段未选，来源未对应事实,选定塞拉利昂北部一个公开Saraka叙述，补可公开的慈善物件外观、活动环境与地方差异，逐主张注明来源；不展开Gbangbani内部知识。
B08,limbu-traditional,林布传统信仰与蒙杜姆祈福（Limbu／Mundhum）,B,部分齐备,True,林布Chasok Tangnam丰收节观览,2,1,1,1,1,1,2,1,尼泊尔或锡金场合未选；新谷容器服饰形制、公共场地与观看范围、来源欠缺,选林布公开Chasok Tangnam场合，补新谷容器服饰和场地观看范围并逐主张关联来源
B08,lomwe-traditional,洛姆韦传统信仰与祖灵—基督教祈福（Lomwe）,B,部分齐备,True,洛姆韦 Tchopa 公共舞蹈展演远观说明,2,1,1,1,1,1,2,1,未选南马拉维场合；鼓具服饰形制、舞场关系及可见过程不足；来源未对应,补南马拉维洛姆韦选定公开 Tchopa 鼓具服饰、舞者观众关系和可观察声音运动，并关联名录主张
B08,lotha-traditional,洛塔那加基督教与传统祈福余绪（Lotha）,B,明显不足,True,沃卡Tokhu Emong公开丰收节服饰与宴席观看层,2,1,1,1,1,2,2,1,服饰材质、宴席器皿食物与摆放缺失，公共观看范围和过程无实写；来源链接未关联沃卡节庆主张,补沃卡Tokhu Emong所选当代公开活动的服饰材料纹样、宴席物件与观众位置、可见庆祝起止，逐项配来源。
B08,lugbara-traditional,卢格巴拉传统宗教与祖灵祈福（Lugbara）,B,明显不足,True,卢格巴拉跨境地理伦理说明,2,0,1,1,0,1,2,1,公开地区地点未选；可见环境地标与观看范围、主张来源欠缺,选卢格巴拉一个公开当代村镇，补外部地标与地图观看范围及来源，保持Ori-jo家祠仅概念
B08,luo-traditional,卢奥传统信仰与尼雅赛／祖灵祈福（Luo／Nyasaye／Juok）,B,部分齐备,True,Got Ramogi 圣山公开遗产外观说明,2,1,1,1,0,2,2,1,Got Ramogi 山景与遗产标识材料形制、外围观看范围未写；出处未逐项对应,补 Got Ramogi 公开山景与遗产标识外观、湖岸及观看关系并关联来源，不补 Ajuoga 疗愈
B08,magar-traditional,马嘉尔传统信仰与自然神—萨满祈福（Magar）,B,明显不足,True,Maghe Sankranti公开节庆食品与尼泊尔山地村寨外围,2,1,1,1,0,1,2,1,食品器具、村寨位置与公共观看过程缺失；Magar地方变体未选，来源与节庆细节未关联,选定一个Magar地方的Maghe Sankranti公共食品展示，补食品名称与外形、盛放器具、村寨环境和观看范围并对应来源；不补Jhankri疗愈脚本。
B08,mailu-traditional,迈卢传统信仰与航海—基督教祈福（Mailu）,B,明显不足,True,迈卢航路海岸静态观览,2,0,1,1,0,1,2,1,具体迈卢航路未选；海岸地标与舟具外观位置、观看范围及来源欠缺,选中央省东南迈卢公开海岸航路，补地标与舟具外观、静态观看范围和来源
B08,makua-traditional,马库阿传统宗教与穆卢库—祖灵祈福（Makua）,B,明显不足,True,马库阿海岸村寨外观与 Muluku 概念说明,2,0,1,0,0,1,2,1,未选莫桑比克地区；村寨物件形制、海岸关系与观看范围缺失；出处未关联,补马库阿选定公开海岸村寨外观、建筑材料及海岸观看关系并关联 Muluku 概念来源
B08,makwe-traditional,马奎传统信仰与海岸—伊斯兰祈福（Makwe）,B,明显不足,True,Makwe获准舞台或展览中的Midimu面具外观,2,1,1,1,1,1,2,1,面具材质轮廓色彩与舞台展陈空间未描述；Makwe具体地方和演出版本未选；来源未逐主张对应,选定莫桑比克北部或坦桑尼亚东南部获准公开Midimu节目或展览，补面具材料部件、可见表面、展陈位置及观察起止，并关联来源。
B09,maldivian-islam,马尔代夫伊斯兰与岛礁民间祈福（Maldivian／Divehi）,B,明显不足,True,马尔代夫珊瑚岛清真寺静态外观,2,0,1,1,0,1,2,1,本地岛未选；清真寺材料轮廓、珊瑚岛位置与观看范围、来源欠缺,选马尔代夫公开本地岛清真寺，补建筑材料外观与海岸观看位置，逐主张注明来源
B09,maleku-traditional,马莱库传统信仰与湿地祈福（Maleku／Guatuso）,B,明显不足,True,Caño Negro 湿地雨林与马莱库语言尊严说明,2,0,1,0,0,2,2,1,Caño Negro 水岸植被、生计物件与公开观看位置未写；出处未对应,补 Caño Negro 获准公共湿地切片的水岸植被与生活环境关系及可见物件来源，关联马莱库文化主张
B09,mam-maya,马姆玛雅民间天主教与山灵祈福（Mam）,B,明显不足,True,Todos Santos Cuchumatán主保节的高地教堂外围与公开圣像游行说明,2,1,1,1,0,1,2,1,圣像及承载物、教堂外围与路线关系、公开可见过程均缺细节；未选主保节当代版本，参考未逐主张关联,选定Todos Santos Cuchumatán一届公开主保节叙述，补圣像外观与承载方式、教堂外围观看位置及游行进入离开状态，并逐主张配来源。
B09,manchu-shamanism,满族萨满与祭神祭天传统,B,部分齐备,True,博物馆所见神杆外观说明,2,1,1,1,1,1,2,1,神杆材质、分部轮廓及展陈位置未写清。；宫廷堂子与家族传统尚未落实到所选实物；主张缺来源对应。,选一件公开图录中的满族神杆，补材质、上下部件、观看范围及与堂子空间的关系，并逐条关联图录来源。
B09,mandinka-traditional,曼丁卡民间伊斯兰与地方灵祈福（Mandinka／Malinke）,B,明显不足,True,曼丁卡村清真寺外观与伊斯兰史说明,2,0,1,0,0,1,2,1,西非地区与清真寺实例未选；材质轮廓、村落关系和观看范围不足；出处未对应,选定曼丁卡公开村清真寺，补建筑材料轮廓及村落观看关系，逐项关联帝国与伊斯兰史来源
B09,mangareva-traditional,曼加雷瓦传统信仰与天主教—marae祈福余绪（Mangareva）,B,部分齐备,True,甘比尔群岛获准参观的marae石砌平台历史外观说明,2,1,1,1,1,1,2,1,marae具体遗址、石平台轮廓部件与地面关系未选；静态观看范围缺实写；来源未对应遗址形制与历史叙述,选定甘比尔群岛一个公开marae遗址，补石平台部件关系、可见表面与允许远观位置，区分历史说明和Rikitea当代教堂；为主张配来源。
B09,mangyan-traditional,曼吉安传统信仰与民都洛祖灵祈福（Mangyan）,B,部分齐备,True,获准公开的 Hanunoo Ambahan 竹简文化展示,2,1,1,1,1,1,2,1,竹简器型、真实书写排列与展陈环境仍未描述。；多支系背景未落实到一件获准展示的 Hanunoo 实物；主张缺来源对应。,选民都洛 Hanunoo 公开馆藏竹简，补竹材形状、刻写排列和展陈视角，说明可引用文字的授权范围，关联实物与诗歌说明来源。
B09,manjak-traditional,曼雅克传统信仰与稻作—祖灵祈福（Manjak／Manjaca）,B,部分齐备,True,曼雅克 Pano de Pente 织布遗产公开说明,2,1,1,1,0,1,2,1,未选地区织物实例；材料纹理与市场陈列关系不足；来源未对应,补选定曼雅克 Pano de Pente 织物材质纹理、制作可见特征及公开陈列范围，关联来源
B09,manobo-traditional,马诺博传统信仰与棉兰老祖灵祈福（Manobo）,B,明显不足,True,布基农Kaamulan公开节庆外围服饰与工艺展示,2,1,1,1,1,1,2,1,所选Manobo支系与节目未明确；服饰工艺材料、展示场地与观看过程缺失；Dagmay归属仍需区分；链接未对应具体物件,选定Kaamulan中明确归属某Manobo支系的公开节目，补服饰或工艺材料部件、展位与观众关系以及公开起止，核对Dagmay族群归属并逐项配来源。
B09,manus-traditional,马努斯传统信仰与海军群岛祈福（Manus）,B,明显不足,True,Titan 潟湖公开舟船与海事环境观览,2,1,1,1,0,1,2,1,舟船构造、潟湖岸线和船岸位置没有展开，感官内容缺失。；Titan 与其他社群需明确区分；静态观看范围及各主张来源未落实。,限定一处 Titan 公共潟湖海事场景，补当地公开舟船的船体与附件、停靠位置、岸线和可见环境，说明观看边界及来源对应。
B09,maori,毛利人祈福与马拉埃礼仪（Māori）,B,部分齐备,True,毛利 marae 外围与 Wharenui 会堂外观说明,2,1,2,1,1,1,2,1,未选 iwi/hapū 与会堂；建筑材料雕刻及外围观看范围不足；出处未对应,选定获准公开 marae 外观，补 Wharenui 屋面柱部与入口外围关系、地方观看边界及对应来源
B09,marapu-sumba,松巴马拉普信仰（Marapu，Sumba）,B,部分齐备,True,松巴Uma Mbatangu尖顶传统屋获准公开外观与伊卡特说明,2,1,1,1,1,1,2,1,尖顶屋材料、屋顶与屋身部件和院落关系未写；具体村落器型与当代参观界限未选，来源未对应建筑事实,选定松巴获准公开的一处Uma Mbatangu外观，补屋顶屋身材料、轮廓关系、院落观看范围与伊卡特展示归属，逐主张配来源；不要进入祭坛丧葬过程。
B09,mari-traditional,马里传统宗教（Mari traditional religion／Cheremis）,B,明显不足,True,获准公开的马里圣林外围远观说明,2,1,1,1,2,1,2,1,外围圣门、树木和观看界限仅有概念，内部过程不能补足外围形制与空间。；未选具体圣林与公开观礼条件；主张尚无逐项来源对应。,选一处确有公开外围资料的马里圣林，补入口、可见树木与外围观看位置，界定静态展示范围，并关联具体地方与可见事实的来源。
B09,marquesan-traditional,马克萨斯传统信仰与 meʻae—天主教祈福（Marquesas／ʻEnata）,B,部分齐备,True,马克萨斯 paepae/tohua 河谷公开遗产外观说明,2,1,1,1,0,1,2,1,未选群岛遗址实例；石台部件、集会场河谷关系及观看范围不足；出处未对应,选定马克萨斯公开 paepae/tohua 遗产切片，补石台轮廓与河谷集会场关系和观看边界，关联来源
B09,marshallese-traditional,马绍尔群岛传统信仰与航海祈福余绪（Marshallese／Aelōñ Kein）,B,部分齐备,True,博物馆棍图与马绍尔环礁航路的文化教学说明,2,1,1,1,1,1,2,1,棍图材料连接结构、波浪和岛位标记对应及展陈范围未写；Kāāitōk／Wāwa器型与藏品未选，来源未对应主张,从已有博物馆藏品线索选一件马绍尔棍图，补材料连接关系、标记与波浪岛位的说明及静态展陈观看范围，标明器型和逐项来源。
B09,matlatzinca-traditional,马特拉钦卡民间天主教与托卢卡谷祈福（Matlatzinca）,B,部分齐备,True,Xinantecatl 山体与潟湖公共景观说明,2,1,1,1,1,2,2,1,山体轮廓、潟湖相对位置及公共观看环境不足。；静态景观的取景范围与可见事实缺主张—来源对应。,补 Xinantecatl 公共视点所见的火山口、潟湖位置与山坡轮廓，写明静态观看范围，并将地方名称和景观事实关联现有来源。
B09,mayo-traditional,马约传统信仰与鹿舞—天主教祈福（Mayo／Yoreme）,B,部分齐备,True,马约 Yoreme 鹿舞公开展演远观说明,2,1,1,1,1,1,2,1,未选索诺拉/锡那罗亚场合；头饰响器形制、舞场和可观察过程不足；出处未对应,补马约公开鹿舞鹿首头饰与响器外观、舞者观众关系及可见运动和声音变化，关联对应来源
B09,mazahua-traditional,马萨瓦民间天主教与山灵祈福（Mazahua）,B,明显不足,True,Chalma公开朝圣外围及Parakata帝王蝶生态象征说明,2,1,1,1,1,1,2,1,朝圣外围可见物件、Chalma空间与队伍状态未写，蝶象征仅概念；Mazahua地方版本与迁徙时段未选，来源未对应,选定Mazahua前往Chalma的一处公开朝圣外围叙述，补队伍可见物件和圣所外围观看关系；另界定Parakata说明适用的地方时段，并逐主张配来源。
B09,melanesia,美拉尼西亚（kastom、社区仪式与“货物运动”语境）,B,部分齐备,True,获准公开的瓦努阿图沙画观览,2,1,1,1,2,1,2,2,尚未选一幅获准公开的图案，地面形态、观看位置和可见起止状态不够具体。；地区与展示情境仍需限定；需把所选公开图案关联到明确出处。,选瓦努阿图获准公开展示的一幅沙画，补地面介质、线条外观、观众位置及公开可见的起止状态，注明图案出处和展示许可边界。
B09,mentawai-arat-sabulungan,明打威／阿拉特·萨布隆安（Mentawai／Arat Sabulungan）,B,部分齐备,True,西比路 Uma 长屋公开外部聚落说明,2,1,2,1,0,2,2,1,Uma 支撑屋面材料与聚落河林关系不足；外部观看范围与出处未对应,补西比路公开 Uma 长屋材料部件、外部观看位置及森林河流关系，并关联来源
B10,mesoamerican,中美洲土著余绪（玛雅、纳瓦等）,B,部分齐备,True,墨西哥公开亡灵节多层祭坛与守夜的观看说明,2,1,2,2,2,1,2,2,多层祭坛部件和材质、香炉与纸饰形制未具体；墨西哥地区与家族/公共祭坛版本未选，不能通用纳瓦玛雅方向配色,选定一处墨西哥公开亡灵节祭坛案例，补台层材料、纸饰和香炉可见部件，说明选用地方、公共观看范围与不通用的方位配色，并把案例细节对应来源。
B10,micronesia,密克罗尼西亚（航行、造舟与航海祈福）,B,部分齐备,True,加罗林远洋帆舟公开外观说明,2,1,1,1,2,1,2,2,船体、帆与绳索形制及海岸空间未展开。；未限定岛屿、公开舟型及静态观看范围；所选舟型还需实物来源对应。,选加罗林一座岛屿的公开远洋帆舟资料，补船体轮廓、帆与绳索位置、停靠环境和观看范围，注明公开形制来源。
B10,miji-traditional,米吉传统信仰与东尼—波罗—基督教祈福（Miji／Sajolang）,B,明显不足,True,米吉 Sajolang 信仰光谱文化图文说明,2,0,1,0,0,1,2,1,西阿鲁纳恰尔地方未选；公开堂会聚落与可见物件无描述；出处未关联,补选定米吉公开教堂或文化聚会的建筑物件、山地位置与静态观看范围，并关联信仰光谱来源
B10,mikmaq-traditional,米克马克传统信仰与祈福（Mi'kmaq／L'nu）,B,部分齐备,True,公开Mawio’mi聚会海岸外围与鼓圈观看层,2,1,1,2,2,1,2,1,鼓和服饰餐食形制、鼓圈与海岸观众空间缺细节；具体Mi’kmaq公开聚会版本未选，切片来源未逐主张关联,选定民族政府已有公开Mawio’mi活动，补鼓材质部件、服饰与餐食外观、鼓圈与访客观看位置，注明节目时段及摄影界限并逐项配来源。
B10,minahasa-traditional,米纳哈萨基督教与马勒松传统祈福余绪（Minahasa）,B,明显不足,True,米纳哈萨地图与公开教会文化说明,2,0,1,0,0,1,2,1,缺具体教堂物件、场所结构、可见环境与说明的起止范围。；GMIM 与其他堂会未落实到具体地点；主张缺来源对应。,选北苏拉威西一处公开 GMIM 教堂，补地名、教堂外观及周围位置、地图定位与静态说明范围，将可见事实逐条关联来源。
B10,mishing-traditional,米辛传统信仰与克奥利亚—东尼波罗祈福（Mishing／Mising）,B,部分齐备,True,阿萨姆米辛河岸高脚屋公开生活说明,2,1,2,1,0,1,2,1,未选米辛河岸聚落；高脚屋材料结构、观看范围不足；出处未对应,补阿萨姆选定米辛高脚屋支柱屋面与河岸稻田关系和公开观看位置，关联建筑及信仰来源
B10,miskito-traditional,米斯基托民间基督教与海岸灵力祈福（Miskito）,B,明显不足,True,米斯基托海岸地图与摩拉维亚教会历史静态说明,2,0,1,,0,1,2,1,海岸村庄与教堂可见特征缺失；静态史说明未定义观察过程；跨境具体地方时代未选，来源未对应历史主张,选定尼加拉瓜或洪都拉斯一处米斯基托海岸公开教堂资料，补建筑外观材料、村庄与海岸位置，标明当代与历史层并逐主张配来源；不补驱邪脚本。
B10,mixe-traditional,米赫传统信仰与山灵—天主教祈福（Mixe／Ayuuk）,B,明显不足,True,Ayuuk 山—玉米公共概念说明,2,1,1,0,0,1,2,1,山与玉米的可见形态、具体高地环境及静态说明范围没有展开。；未选 Ayuuk 地方社群或公开案例；主张与来源未对应。,限定瓦哈卡一处 Ayuuk 公开高地景观，补山体、玉米地及聚落位置，写清图文观看范围，按现有文献关联地方与文化意义。
B10,mixtec-nuu-savi,米斯特克／雨之民传统祈福（Mixtec／Ñuu Savi）,B,部分齐备,True,米斯特卡高地教堂广场与 Ñuu Savi 文化说明,2,1,1,1,0,1,2,1,未选山镇；教堂广场材料轮廓与观看范围不足；出处未对应,选定 Ñuu Savi 公开山镇教堂广场，补建筑与山地空间关系和观看位置，关联地方文化来源
B10,mizo-traditional,米佐基督教与萨库阿传统祈福余绪（Mizo）,B,明显不足,True,米佐公开堂会与圣诞报佳音文化说明,2,0,1,1,1,1,2,1,教堂、报佳音可见物件与山地街区关系未写，公共起止仅概念；具体米佐堂会版本与时段未选，链接未对应,选定米佐拉姆一处公开圣诞报佳音叙述，补教堂或街区环境、可见服饰物件与队伍行进结束状态，标明堂会差异并逐主张配来源。
B10,moken-traditional,莫肯传统信仰与安达曼海灵祈福（Moken）,B,明显不足,True,莫肯安达曼海洋伦理与权利说明,2,0,1,0,0,1,2,1,海景、公共生计物件及环境关系没有细节，图文范围和感官描述不足。；缅泰社区差异尚未落实到地点；主张缺来源对应。,选一处莫肯社群公开发布的安达曼海岸资料，补岸线、公开舟船外观及其环境关系，明确说明范围和当地权利叙述的出处。
B10,monpa-traditional,门巴传统信仰与藏传佛教—地方神祈福（Monpa）,B,部分齐备,True,达旺寺外观与门巴佛教公共观礼介绍,2,0,1,1,0,2,2,1,达旺寺外观、观看位置及公开展演过程缺可用描述；缺外观和声音细节及逐主张来源,补达旺寺可公开观看立面、院落与观众位置，选择一个公开观礼时段，说明可见过程和声音并关联来源
B10,mopan-traditional,莫潘玛雅民间天主教与伯利兹—危地马拉祈福（Mopan）,B,明显不足,True,莫潘公开主保圣人瞻礼的教堂村落外围,2,1,1,1,1,1,2,1,蜡烛鲜花盛放与教堂空间、列队观看过程缺实写；伯利兹/危地马拉具体堂区与主保节未选，来源未对应,选定伯利兹南部一处公开莫潘主保瞻礼，补蜡烛鲜花可见形制与摆放、教堂外围观看位置和队列起止，并标明地方版本及来源。
B10,mordvin-traditional,莫尔多瓦／厄尔齐亚—莫克沙传统信仰与东正教祈福（Mordvin）,B,明显不足,True,厄尔齐亚与莫克沙公开文化史说明,2,0,1,0,0,1,2,1,没有具体教堂或公开史料物件的形制、展陈空间及静态说明边界。；两支系与不同信仰未落实到一个案例；主张缺来源关联。,选伏尔加一处有公开资料的厄尔齐亚或莫克沙教堂，补外观、所在聚落及静态文化史展示范围，明确支系和相关主张的出处。
B10,mossi-traditional,莫西／穆西传统宗教与祈福（Mossi／Moose）,B,明显不足,True,莫西萨赫勒农耕聚落与土地伦理图文说明,2,0,1,0,0,1,2,1,聚落仅名称，无可见建筑与农具形制、空间关系或静态观看层次；地域选择和主张来源未落实,选布基纳法索一处莫西聚落公开资料，补房屋、田地与公开王权象征的外观及位置，明确静态观看范围与视觉表现并建立主张—来源对应
B10,motu-traditional,莫图传统信仰与希里贸易—基督教祈福（Motu）,B,明显不足,True,莫图希里陶器—西谷贸易航路与教会光谱静态说明,2,1,1,,0,1,2,1,陶器或舟船外观、航路具体节点与地图标注范围缺失；历史时期和城市村落版本未选，来源未关联主张；所选静态卡不含观察过程,补选定历史时期希里航路的公开节点与陶器外观材质，说明莫尔斯比港沿岸城市村落差别，为航路和物件主张配来源；不补祖先仪轨。
B10,munduruku-traditional,蒙杜鲁库传统信仰与亚马孙祈福概观（Munduruku／Mundurucú）,B,明显不足,True,塔帕若斯河森林与蒙杜鲁库环境权利说明,2,1,1,0,0,1,2,1,河流森林仅有主题，岸线、公共物件和场所关系缺失，静态图文范围不明。；未选具体河段与社群公开案例；主张缺来源对应。,选塔帕若斯河一处蒙杜鲁库公开环境资料，补河岸、森林及可公开物件的外观和位置，限定地图说明范围，关联环境权利主张的社群出处。
B10,naga-traditional,那加传统信仰与祖先礼仪概观（Naga traditional）,B,部分齐备,True,Hornbill 公开节庆的纺织工艺展示,2,1,1,1,1,1,2,1,未选部落与织物类型；纺织材料纹样、展位关系、观众观看顺序及主张来源缺失,从 Hornbill 的具体部落公开展位选一件织物，补材质、纹样可见特征、展示位置与观看范围，说明舞台音画背景及其来源，避免通用那加纹样
B10,nahua-traditional,纳瓦民间天主教与山灵—玉米祈福（Nahua）,B,明显不足,True,纳瓦公开主保节村教堂与山地外围、玉米概念说明,2,0,1,1,0,1,2,1,节庆物件、村教堂山景关系及公共游行观看过程均缺具体内容；纳瓦地方版本未选，来源未逐主张对应,从韦拉克鲁斯、格雷罗或瓦哈卡选一处公开纳瓦主保节，补圣像或花烛外观、教堂外围观看位置与公开队伍状态，标明地方不能通用部分及来源。
B10,nanai-traditional,那乃／赫哲传统信仰与萨满祈福（Nanai／Hezhen）,B,明显不足,True,阿穆尔河公开河流—鱼梁文化说明,2,1,1,1,0,1,2,1,鱼梁形制、河道环境和观看范围没有展开，感官材料缺失。；那乃与赫哲具体地方版本未选定；主张缺来源对应。,选阿穆尔下游一处有公开资料的那乃或赫哲鱼梁，补材料、构造、河道位置和静态观看界限，将可见事实关联对应社群来源。
B11,naxi-dongba,纳西东巴教祈福与仪式文献（Naxi Dongba）,B,部分齐备,True,博物馆东巴经卷与象形文字图卡外观教育说明,2,1,1,1,1,1,2,1,经卷材料装帧、展柜位置与展开可见变化未描述；未选具体馆藏和公开文字实例；来源未关联主张,选丽江公开馆藏东巴经卷，补封面、纸页与装帧关系、展示空间及仅供观看的展开范围；确认图卡文字的公开使用依据并逐项关联来源
B11,ndau-traditional,恩道传统宗教与祖灵祈福（Ndau）,B,明显不足,True,恩道跨境地理与公开村寨外观静态说明,2,0,1,,0,1,2,1,村寨可见建筑与地理关系缺失，静态说明不含观察过程；莫桑比克/津巴布韦具体地方和时代未选，来源未对应,选定恩道一处公开村寨地理资料，补可见建筑材料轮廓、村落与跨境环境关系并限定时段，逐主张配来源；不引入治疗师过程。
B11,nenets,涅涅茨传统信仰与驯鹿礼俗（Nenets）,B,部分齐备,True,syadei 公开馆藏木雕教育说明,2,1,1,1,1,1,2,2,所选木雕轮廓、尺寸关系和陈列环境尚未写清。；苔原与森林涅涅茨差异未落实到藏品；静态观看范围还需限定。,选剑桥公开馆藏的一件 syadei，补木材外观、雕刻轮廓、展陈位置及观看范围，注明藏品地域归属和各形制信息出处。
B11,newar-nepal,尼泊尔纽瓦尔／加德满都谷地印佛交融祈福传统（Newar）,B,部分齐备,True,拉利特普尔 Rato Machindranath 公共车辇巡游街景,2,1,1,1,1,2,2,1,车辇轮廓材质和部件、街道观看关系、公开巡游状态和声音仍缺；来源仅列表,补拉利特普尔 Rato Machindranath 所选车辇的外观部件及街道与观众位置，描述可公开观察的一段巡游起止与声音，关联对应来源并避免混入加德满都或巴克塔普尔节庆
B11,nganasan-traditional,恩加纳桑传统信仰与自然母亲祈福（Nganasan）,B,明显不足,True,泰梅尔苔原外围与自然母亲nguo概念说明,2,0,1,1,0,1,2,1,苔原地貌季节、普通生活物件与静态观看范围缺失；具体泰梅尔地方及叙述变体未选，来源未关联主张,选定泰梅尔一处公开恩加纳桑苔原景观，补季节地表、水域和普通生活物件的位置、观看范围，注明nguo叙述变体与来源；不复现萨满仪典。
B11,ngbandi-traditional,恩班迪传统信仰与河岸—祖灵祈福（Ngbandi）,B,明显不足,True,恩班迪乌班吉河地理—信仰说明,2,0,1,0,0,1,2,1,缺河岸农耕或教堂的可见物件、空间与感官细节，静态说明范围未定义。；两国地方版本未选定；主张缺来源对应。,选乌班吉河一处恩班迪公开文化案例，补河岸、农田或教堂可见外观及位置，限定地理说明范围并逐条关联出处。
B11,ngoni-traditional,恩戈尼传统信仰与恩古尼迁徙祈福（Ngoni）,B,明显不足,True,恩戈尼迁徙地理与公开教会文化说明,2,0,1,0,0,1,2,1,未选国家与当代公开场合；教会或文化节物件、空间、观察过程和音画表现缺失；缺主张来源,选马拉维、赞比亚或坦桑尼亚一个恩戈尼公开文化节或教会场合，补场地与可见服饰、观看范围及公共音画过程，建立对应来源；迁徙地图注明时代与地域选择
B11,nivkh-traditional,尼夫赫人传统信仰与海主—熊节祈福（Nivkh）,B,明显不足,True,黑龙江河口或库页岛公开渔村与泰加外围的主人宇宙观说明,2,0,1,1,0,1,2,1,渔村普通建筑、河口泰加空间与观看范围未描述；黑龙江河口/库页岛具体地方季节未选，景观主张缺对应来源,选定尼夫赫一处公开河口渔村外观，补普通建筑材质、岸线与泰加背景、观看范围，并说明当代地方版本与来源；不借熊节或萨满鼓补动态过程。
B11,nyakyusa-traditional,尼亚库萨传统信仰与祖灵—基督教祈福（Nyakyusa）,B,明显不足,True,尼亚库萨高原地理—信仰说明,2,1,1,0,0,1,2,1,香蕉农田、教堂或聚落的外观及相互位置缺失，静态范围和感官材料不足。；坦桑尼亚与马拉维案例尚未选定；主张缺来源对应。,限定一处尼亚库萨公开高原聚落，补香蕉田、公共教堂及高原景观的可见关系，写明静态范围和各地理文化事实出处。
B11,nyamwezi-traditional,尼亚姆韦齐传统信仰与祖灵—贸易祈福（Nyamwezi）,B,明显不足,True,塔波拉尼亚姆韦齐商路与旅途互惠文化介绍,2,0,1,0,0,1,2,1,商路可见环境、贸易物件与空间关系缺失；时代和路线选择、静态观看内容及主张来源缺失,选择塔波拉的一段公开商路历史资料，补对应时代的道路或市集环境、可见贸易物件形制及静态说明顺序，并逐项关联来源与当代信仰差异
B11,nyishi-traditional,尼西传统信仰与东尼—波罗祈福（Nyishi）,B,明显不足,True,Nyedar Namlo公开外观与日—月象征概念说明,2,1,1,1,0,1,2,1,Namlo建筑材料轮廓、日月象征形制及观看位置未写；具体祈祷堂和复兴时段未选，来源未对应细节,选定阿鲁纳恰尔邦一处公开Nyedar Namlo外观，补建筑与日月象征可见材料部件、外围观看范围，标明建成时期与地方差异并逐主张配来源。
B11,oceania,大洋洲／毛利／波利尼西亚祈福仪式,B,明显不足,True,获准公开的毛利圣地外围文化观览,2,1,1,1,1,1,2,1,外围可见雕刻或地貌形制、空间边界不足；礼仪概述不能补足外围场景。；未限定毛利具体地方圣地及外围公开条件；主张与来源未对应。,选毛利一处获准公开介绍的圣地外围，补可见地貌、公共雕刻外观与观看位置，限定静态范围并关联地方资料，避免套用全大洋洲。
B11,orokaiva-traditional,奥罗凯瓦传统信仰与北海岸祈福（Orokaiva）,B,明显不足,True,奥罗省北海岸园艺村落与公开节庆说明,2,0,1,0,0,1,2,1,园地、村落与公开节庆只列范围，无物件形制、空间、可见过程及感官；地点和来源关联未选定,选奥罗省一处可公开园艺村景，补种植空间、房屋或园艺物件的可见外观与观看位置；说明静态展示层次和公开节庆背景的来源，排除入会和丧礼内容
B11,oroqen-traditional,鄂伦春传统信仰与萨满—自然灵祈福（Oroqen）,B,明显不足,True,大兴安岭林海与斜仁柱公开外观、火神山神说明,2,1,1,1,0,1,2,1,斜仁柱材料支撑结构、林海位置与静态观看范围未写；具体鄂伦春地方及历史/当代展示版本未选，来源未对应,选定公开博物馆或文化展示中的鄂伦春斜仁柱，补材料、支架与覆盖部件、林海背景与观看范围；区分历史生计与当代展示并逐项配来源。
B11,ovimbundu-traditional,奥温本杜传统信仰与基督教祈福（Ovimbundu）,B,明显不足,True,奥温本杜高原语言—教会文化说明,2,0,1,0,0,1,2,1,缺公开教堂或语言展示物的外观、空间、感官细节与静态范围。；教派与高原地方版本未选定；主张缺来源关联。,选安哥拉中部一处奥温本杜公开教堂文化资料，补教堂外观、聚落位置和语言说明范围，标明教派及各文化事实出处。
B11,paite-traditional,派特基督教与佐米传统祈福余绪（Paite）,B,明显不足,True,曼尼普尔派特公开教会文化与信仰变迁说明,2,0,1,1,1,1,2,1,未选教会与场合；教堂可见物件、材质空间与唱诗的具体表现缺失；缺主张来源关联,选曼尼普尔一处派特教会的公开主日资料，补外观或开放礼拜空间、观察位置及唱诗讲道可见顺序和声音表现，说明宗派选择并关联来源
B11,palauan-belauan,帕劳／贝拉乌传统信仰与莫德肯盖（Palauan／Belauan／Modekngei）,B,部分齐备,True,获准公开的Ii ra Milad岩厦外围遗产景观说明,2,1,1,1,1,1,2,2,岩厦轮廓表面、水流与村径观看关系未写；具体允许观看点与当代许可版本未选，不能把暂定遗产叙述等同所有区域开放,依卡中UNESCO遗产线索补Ii ra Milad岩厦外围可见轮廓、水流和村径关系、允许的观看起止及地方指引，明确公开范围版本并对应来源。
B11,pamiri-ismaili,帕米尔伊斯玛仪派祈福传统（Pamiri Ismaili）,B,部分齐备,True,chid 家屋公开建筑剖面文化说明,2,2,1,1,2,1,2,2,五柱、主梁、天窗的相互位置与家屋空间关系未展开。；未选具体谷地家屋版本，静态剖面观看范围需限定。,选 Pamirs.org 所述的一种 chid，补五柱、双主梁及 chorkhona 的相对布局和可见光影，限定剖面范围，注明谷地版本与建筑信息出处。
B11,papel-traditional,帕佩尔传统信仰与稻作—祖灵祈福（Papel）,B,明显不足,True,比绍沿海帕佩尔潮汐稻作伦理说明,2,0,1,0,0,1,2,1,稻田水岸、工具与劳动空间缺具体外观；未选沿海地点和公开劳动阶段；来源未逐主张对应,选比绍沿海一处帕佩尔公开稻作资料，补潮汐水岸与田块关系、可见工具形制及静态观看内容；选择可公开劳动阶段并关联生态与文化主张的来源
B11,pare-traditional,帕雷传统信仰与山地—基督教祈福（Pare）,B,明显不足,True,帕雷山脉农业与水利地理静态说明,2,0,1,,0,1,2,1,梯田与水源具体物件、山坡水路关系未写；静态说明无观察过程；帕雷山脉具体地方季节未选，来源未逐主张对应,选定帕雷山脉一处公开梯田水利案例，补梯田水道可见轮廓、坡地与水源位置、可阅读的地理范围，标明时段和来源；不进入圣地仪轨。
B12,pashtun-traditional,普什图民间伊斯兰与普什图瓦里祈福（Pashtun）,B,明显不足,True,普什图瓦里好客与庇护文化概念说明,2,0,0,0,0,1,2,1,缺好客主题的公开物件、环境与具体例证，静态内容范围未定。；阿富汗与巴基斯坦地方差异未落实；主张缺来源对应。,选开伯尔—普什图省一则已有公开来源的好客案例，补涉及的待客空间与公开生活器物外观，限定图文范围并关联伦理主张出处。
B12,phom-traditional,波姆那加基督教与传统祈福余绪（Phom）,B,明显不足,True,波姆那加公开教会文化与信仰变迁说明,2,0,1,1,1,1,2,1,教会场地、物件形制、观看位置与具体音画过程未写；未选波姆地方堂会与时段；来源缺对应,选那加兰一处波姆公开堂会主日资料，补礼拜空间、可见物件与观众位置，描述唱诗讲道可观察的顺序和声音，明确地方宗派并关联来源
B12,pogoro-traditional,波戈罗传统信仰与祖灵—基督教祈福（Pogoro）,B,明显不足,True,波戈罗地理与农耕—教会信仰光谱静态说明,2,0,1,,0,1,2,1,地理与农耕教会环境可见对象缺实写；静态卡无观察过程；莫罗戈罗/乌兰加具体地方时段未选，来源未对应,选定莫罗戈罗或乌兰加公开波戈罗村落案例，补农田和教堂外围可见形制及环境位置，说明当代地方信仰范围并逐主张配来源。
B12,pontic-greek-folk,本都希腊民间东正教与流散祈福（Pontic Greek）,B,明显不足,True,本都希腊流散地图与公开教会文化说明,2,0,1,0,1,1,2,1,缺具体教堂或公开史料的形制、展示空间和静态说明范围。；流散地与本都故乡圣地未落实到案例；主张缺来源对应。,选希腊一处本都社群公开教堂或文化档案，补场所外观、流散地图地点及静态说明范围，标明地方版本和历史文化主张出处。
B12,popoluca-traditional,波波卢卡民间天主教与海湾—山灵祈福（Popoluca）,B,明显不足,True,韦拉克鲁斯南部波波卢卡主保节公共文化说明,2,0,1,1,0,1,2,1,未选 Sierra/Gulf 社群、地点与主保圣人；教堂与游行物件、空间位置及可见变化缺失；来源未对应,选韦拉克鲁斯南部一处自称明确的社群公开主保节，补圣像或仪仗的外观材质、教堂街道与观看位置、公开游行过程及声光表现，并逐项关联来源
B12,poqomam-traditional,波科曼玛雅民间天主教与祖灵祈福（Poqomam）,B,明显不足,True,波科曼语言与玉米伦理的静态概念说明,2,0,1,,0,1,2,1,玉米可见表现与社区环境未描述，静态说明不含观察过程；帕林/奇纳乌特拉等地方版本未选，来源未对应主张,选定一处波科曼社区公开玉米文化叙述，补可见玉米物件形制与普通社区环境，标明地方时段及来源；不补日师占卜或圣地坐标。
B12,poqomchi-traditional,波科姆奇玛雅民间天主教与祖灵祈福（Poqomchi'）,B,明显不足,True,波科姆奇语言与玉米公共文化说明,2,1,1,0,0,1,2,1,玉米及高地公共环境的形态与相互位置未展开，静态说明范围不明。；未选波科姆奇具体地方与语言案例；来源列有相邻族群，缺主张对应。,选韦拉帕斯一处波科姆奇公开文化案例，补玉米、公共聚落环境和语言展示实例的外观，明确说明范围，核对并关联本族群主张出处。
B12,pumi-traditional,普米传统信仰与韩规—藏传佛教祈福（Pumi）,B,明显不足,True,普米滇西北山村与公开寺院外观说明,2,0,1,0,0,1,2,1,未选宁蒗、兰坪等地具体公开寺院；建筑形制、山村空间与观看范围及视觉表现未写；来源缺对应,选宁蒗或兰坪一处可公开寺院外观，补建筑可见部件、材质及山村背景关系、静态观看范围和色质表现，说明当地佛教与韩规记忆的适用边界并关联来源
B12,qanjobal-traditional,坎霍瓦尔玛雅民间天主教与跨界祈福（Q'anjob'al）,B,明显不足,True,坎霍瓦尔语言与玉米、跨境家庭伦理静态概念说明,2,0,1,,0,1,2,1,玉米可见物件与普通社区环境缺实写，静态概念卡无观察过程；圣埃乌拉利亚/索洛马或流散版本未选，来源未关联,选定圣埃乌拉利亚或索洛马一处公开坎霍瓦尔玉米文化资料，补玉米物件形制、普通社区地理与所选时代范围，逐主张配来源；不写日师仪轨或迁徙探险。
B12,qeqchi-maya,凯克奇玛雅民间天主教与山灵祈福（Qʼeqchiʼ）,B,明显不足,True,凯克奇公开山谷与节庆文化说明,2,1,1,0,0,1,2,1,公开村落、教堂与山谷的形制关系缺失，节庆可见过程或静态范围未写。；未限定危地马拉或伯利兹地方案例；主张缺来源对应。,选一处凯克奇公开村落主保节资料，补教堂外观、山谷位置与公开可见节庆状态，限定观礼范围，将具体地方和文化意义关联来源。
B12,qiang-traditional,羌族白石信仰与释比祭仪（Qiang Traditional／Rma）,B,部分齐备,True,羌寨碉楼石砌民居与屋顶白石只读外观,2,1,2,1,1,1,2,1,白石形状尺度关系、碉楼部件与表面细节未写；未选具体羌寨与白石配置；静态观察层次及逐主张来源不足,选茂县或汶川一个公开羌寨外观，补碉楼墙体轮廓、屋顶白石可见形状与位置、山寨观看范围和表面光质，说明所选地方配置并关联白石—建筑主张来源
B12,quechua-andean,克丘亚安第斯传统（Quechua Andean／Runa）,B,部分齐备,True,Sinakara科尤里蒂公开朝圣外围的十字架、队伍与舞蹈观看层,2,1,1,2,2,2,2,2,十字架、服饰或面具材料部件缺实写；Sinakara许可外围观看点、队伍与地形关系未写,补Sinakara公开外围一个许可观看点的地形、队伍与观众关系，选一个nation可公开的十字架或服饰外观写材料部件并对应来源；不提供雪峰秘径或兄弟会加入操作。
B12,rakhine-buddhist,若开上座部佛教与民间祈福（Rakhine／Arakanese）,B,明显不足,True,若开寺塔公共建筑外观说明,2,1,1,0,0,1,2,1,没有具体寺塔、外观部件及周围空间，感官内容和静态观看范围缺失。；若开地方形式未与缅甸共性区分到案例；主张缺来源对应。,选若开一处有公开建筑资料的寺塔，补塔体轮廓、外观材质和周边观看空间，限定静态范围并关联地方建筑事实的出处。
B12,rama-traditional,拉马传统信仰与海岸—基督教祈福（Rama）,B,明显不足,True,蓝田以南拉马海岸家园与语言尊严说明,2,0,1,0,0,1,2,1,海岸聚落、地理标示物件及空间关系、观看层次与感官缺失；具体地域和主张来源未选择,选蓝田以南一处拉马公共语言复兴资料对应海岸，补聚落与岸线可见环境、地图标注及静态阅读顺序，明确所用地名和时期并关联海岸伦理主张来源
B12,rapa-nui,拉帕努伊／复活节岛祖先—mana 传统（Rapa Nui）,B,部分齐备,True,世界遗产公开步道范围内ahu与moai海岸外观及mana—tapu说明,2,1,2,1,1,1,2,2,moai与ahu石材、躯体和平台部件及可见表面未具体；未选具体ahu与当代公开步道，静态观看范围起止仍概念,选定一处获准公开ahu—moai景观，补石像与平台材料轮廓、海岸聚落关系及步道观看范围，说明该遗址变体并对应来源；不补安眼激活或葬所过程。
B12,raramuri-tarahumara,拉拉姆里／塔拉乌马拉（Rarámuri / Tarahumara）,B,部分齐备,True,拉拉姆里获准公开节庆服饰文化观览,2,1,1,1,2,1,2,1,服饰部件与色彩、教堂周边观看空间没有展开，公开可见状态只作概述。；未选具体 pueblo 节庆版本；形制与文化主张缺来源对应。,选铜峡谷一处获准公开记录的 matachines 展演，补服饰轮廓、可见乐器、教堂外观看位置和公共起止状态，关联地方版本与公开资料出处。
B12,rastafari,拉斯塔法里（Rastafari）,B,部分齐备,True,公开 Groundation 纪念集会鼓乐与团契图文说明,2,1,1,2,1,1,2,1,未选 mansions、地区与公开纪念日；鼓形制材质、集会布局、声音表现及主张来源不足,选牙买加一处获公开记录的 Groundation 纪念集会，补鼓的外观部件、会场和观看位置、公共鼓乐咏赞至论谈的观察变化与声音特征，明确组织差异并关联来源
B12,rendille-traditional,伦迪勒传统信仰与肯尼亚北部牧祈福（Rendille）,B,明显不足,True,伦迪勒肯尼亚北部沙漠—骆驼公开牧场氛围,2,1,1,1,0,1,2,1,骆驼牧场普通物件、井泉与沙漠关系及静态观看范围未写；具体伦迪勒地方季节未选，来源未关联牧场主张,选定肯尼亚北部一个公开伦迪勒牧场案例，补普通牧具和骆驼可见状态、井泉与沙漠环境位置及观看范围，限定旱雨季与来源；不进入年龄礼仪核心。
B12,rengma-traditional,伦马那加基督教与传统祈福余绪（Rengma）,B,明显不足,True,伦马公开信仰变迁文化说明,2,0,1,0,1,1,2,1,缺教堂或公开文化展品的形制、空间和静态说明范围；唱诗只作概念。；那加兰与阿萨姆版本未落实到地点；主张缺来源对应。,选伦马一处公开教堂或 Tseminyu 公开文化展资料，补建筑或展品外观、所在环境与静态说明范围，明确地方归属和信仰变迁主张出处。
B12,romani-folk,罗姆民间信仰与祝福传统（Romani／Roma folk religion）,B,部分齐备,True,卡马尔格五月 Sara-la-Kali 公共朝圣海岸外观,2,1,2,2,1,2,2,2,Sara 圣像与衣裙的材质形制、载具部件及教堂海岸可见布置不足；烛光与队伍运动仍为概述,补圣玛丽德拉克海所选五月公共游行中 Sara 圣像、奉献衣裙和抬运载具外观，描述教堂至岸边可观看范围和烛光队伍的视觉变化；沿已有国家地理出处细化逐物件引用
B13,romanian-calus,罗马尼亚卡鲁什仪式舞与五旬节祈福传统（Căluș）,B,部分齐备,True,Caracal民俗节卡鲁什公开舞台服饰、舞步与乐队观看层,2,1,1,2,2,2,2,2,彩帽绣衫小铃的材质部件与位置未写；Caracal舞台、乐队与观众关系及所选公开节目起止未具体,补Caracal一场公开民俗节卡鲁什节目，写彩帽绣衫小铃可见材料和部位、乐队舞队与观众空间及节目起止，逐项配来源并说明舞台改编；不补治病或入队誓约。
B13,rotuma-traditional,罗图马传统信仰与波利尼西亚边缘祈福（Rotuma）,B,明显不足,True,罗图马公开海岸静态文化说明,2,0,1,0,0,1,2,1,缺海岸地貌、公共建筑或物件外观和空间关系，静态范围与感官材料不足。；未选具体岛上地方；主张与来源对应不足。,选罗图马一处公开海岸文化资料，补岸线、公共建筑外观及位置，限定静态观看范围并关联地方文化事实出处。
B13,ryukyuan,琉球／冲绳御嶽信仰（Ryukyuan religion / Utaki worship）,B,部分齐备,True,斎场御嶽许可外围的石道森林与圣地外观说明,2,1,2,1,1,2,2,1,许可外围具体岩体轮廓、观察点和静态观看层次未写；限制区与所选景物关系未具体标注；来源未逐主张关联,以斎场御嶽公开导览为依据，补许可外围岩壁与石道可见形制、森林关系及观看位置，明确禁止进入区在示意中的边界和视野层次，逐项关联来源而不复现入圣地仪轨
B13,safwa-traditional,萨夫瓦传统信仰与祖灵—基督教祈福（Safwa）,B,明显不足,True,萨夫瓦姆贝亚高原地理与农耕—教会信仰光谱静态说明,2,0,1,,0,1,2,1,高原农田与教堂可见对象、环境关系缺实写；静态文化卡无观察过程；具体姆贝亚地方和时期未选，来源未逐主张对应,选定姆贝亚一处公开萨夫瓦村落资料，补农田、普通建筑和教堂外围的材料轮廓及位置，标明当代地方版本并逐主张配来源。
B13,sahrawi-traditional,撒哈拉威民间伊斯兰与沙漠祈福（Sahrawi）,B,明显不足,True,撒哈拉威语言诗歌与沙漠好客伦理说明,2,0,1,0,1,1,2,1,缺公开诗歌载体或好客物件形制、沙漠环境细节与静态范围。；难民营与其他流散语境未选定；诗歌和伦理主张缺来源对应。,选撒哈拉威社群公开的一则诗歌或好客叙述，补获准展示的诗歌载体或生活器物、沙漠待客环境及说明范围，标明具体语境和出处。
B13,sakha-yakut,萨哈／雅库特（Sakha／Yakut）,B,部分齐备,True,Yhyakh 夏节开阔场地与公共 Ohuokhai 圆圈舞旁观,2,1,1,2,1,1,2,1,未选官方或村镇节庆地点；服饰和场地物件形制、圈舞空间关系及声光运动细节不足；来源仅列表,选萨哈一处官方 Yhyakh 公开圆圈舞资料，补服饰与栓马柱外观、歌队和舞圈及观看位置，描述迎日至公共舞蹈的可见变化和声音，关联地方场次来源并排除萨满治疗
B13,salar-traditional,撒拉族伊斯兰与河湟民间祈福（Salar）,B,明显不足,True,河湟撒拉族清真寺公开外观与语言文化说明,2,1,1,1,0,1,2,1,清真寺材料与屋顶入口轮廓、河湟背景及观看范围未写；具体寺坊时代器型未选，来源未对应建筑主张,选定一处河湟撒拉族公开清真寺外观，补建筑材料、屋顶入口部件和背景关系、外围观看范围；注明所选寺坊时期与来源，不补门宦内部仪轨。
B13,samaritan,撒玛利亚人信仰与基利心山礼仪（Samaritanism）,B,部分齐备,True,获准公开的基利心山节期祈祷远观,2,1,1,1,2,1,2,1,山地远观位置、经卷银匣轮廓及公开祈祷可见阶段不足。；未选明确节期与公开报道实例；主张缺逐项来源对应。,选基利心山一则公开节期祈祷报道，补远观山景、白服及银匣外观、观众位置和可见起止状态，关联该节期事实出处。
B13,sanamahism,梅泰／萨那马希教祈福与赖哈劳巴（Sanamahism／Meitei）,B,部分齐备,True,Lai Haraoba 节庆会场外围歌舞与圣林边界说明,2,1,1,2,1,1,2,1,未选圣林与节庆场次；pena 和服饰材料部件、外围观看空间与可见音画细节缺失；来源缺逐主张对应,选曼尼普尔一处公开 Lai Haraoba 会场外围，补 pena、服饰与供桌仅可见外观、观众和圣林边界位置，描述允许观看的歌舞状态及声音并关联来源，排除祭司核心与附体程序
B13,sandawe-traditional,桑达韦传统信仰与点击语—祖灵祈福（Sandawe）,B,明显不足,True,桑达韦语言尊严与坦桑尼亚中部地理静态说明,2,0,1,,0,1,2,1,地理可见物件与社区环境缺实写；静态语言地理卡无观察过程；具体桑达韦地区时代未选，来源未对应语言或地理主张,选定坦桑尼亚中部一处公开桑达韦语言地理资料，补所选地区普通社区或地貌可见特征、地图范围与时代标注，逐主张配来源；不用发音挑战替代展示资料。
B13,sangirese-traditional,桑义赫基督教与海岛习惯法祈福（Sangirese）,B,明显不足,True,桑义赫岛链与公开减灾文化说明,2,0,1,0,0,1,2,1,缺教堂、公共减灾物件或火山海岸的具体外观和空间关系，静态范围不足。；岛链不同地方与印菲两侧差异未落实；主张缺来源对应。,选桑义赫岛链一处公开教堂文化资料，补教堂、海岸与火山的可见位置关系，限定地图及减灾说明范围，关联地方事实出处。
B13,sarna-santal,萨尔纳／桑塔尔阿迪瓦西信仰（Sarna／Santal Adivasi）,B,部分齐备,True,桑塔尔 Jaher 圣林外围树石与森林伦理说明,2,1,2,1,1,1,2,1,未选桑塔尔具体圣林，树石形状与布局、外围观察层次及视觉细节不足；来源未对应，Baha 与 Sarhul 不能混用,选贾坎德一处可公开说明的桑塔尔 Jaher，补娑罗树和未凿刻石块可见形态、村缘与观看界线、静态观察内容及季节表现，关联来源并明确采用桑塔尔而非泛 Sarna 配置
B13,selkup-traditional,塞尔库普传统信仰与圣树—萨满祈福（Selkup）,B,部分齐备,True,塞尔库普圣树与三界公开宇宙图式说明,2,1,2,1,1,1,2,1,图式中的树木河流可见形态及静态说明范围未展开。；北方与不同方言地方版本尚未选定；图式主张缺逐项出处关联。,选 Taz 等一个有公开资料的塞尔库普版本，补桦树或落叶松、河流与三界图式的可见表达及说明范围，关联各象征关系出处。
B13,sena-traditional,塞纳传统信仰与赞比西—祖灵祈福（Sena）,B,明显不足,True,塞纳赞比西河公共地理与河流伦理说明,2,0,1,0,0,1,2,1,缺河岸、农田和公共物件的可见形制与位置，静态范围及感官内容不足。；莫桑比克与马拉维案例未选定；主张缺来源对应。,选赞比西下游一处塞纳公开河岸农业资料，补岸线、农田和生活器物外观及相互位置，限定说明范围并关联地方伦理与环境出处。
B13,shambaa-traditional,尚巴阿传统信仰与乌桑巴拉祈福（Shambaa／Shambala）,B,明显不足,True,乌桑巴拉山地农业与尚巴阿信仰光谱说明,2,0,1,0,0,1,2,1,山地农田、聚落与可见物件形制空间未写；未选地点、静态观看层次与音画表现；来源缺对应,选乌桑巴拉一处尚巴阿公开农业景观资料，补田地、山林和聚落关系及可见农事物件形制，明确静态观看范围与季节，并关联地理和信仰主张来源
B13,sherdukpen-traditional,舍杜克彭传统信仰与藏传佛教—地方灵祈福（Sherdukpen）,B,明显不足,True,西卡门舍杜克彭公开寺院地理文化说明,2,0,1,0,0,1,2,1,缺寺院外观部件、山地位置及感官内容，静态观看范围不明。；具体寺院与地方宗派版本未选定；主张缺来源对应。,选西卡门一处舍杜克彭公开寺院资料，补建筑轮廓、外观材质与村寨关系，限定静态范围并关联地方宗派与文化主张出处。
B13,sherpa-buddhist,夏尔巴宁玛派佛教与山神祈福（Sherpa）,B,明显不足,True,库姆布 gompa 与 Chomolungma 公共外观说明,2,1,1,0,1,1,2,1,gompa 外观形制、雪山轮廓与寺院山地位置关系未展开，静态范围未定。；未选库姆布具体寺院及地方版本；主张缺来源对应。,选库姆布一处公开 gompa 建筑资料，补建筑外观、可见雪山及山地位置关系，限定静态观看范围，关联夏尔巴地方事实出处。
B13,shor-traditional,绍尔人传统信仰与萨满祈福（Shor）,B,明显不足,True,绍尔山地泰加与语言文化保护说明,2,0,1,0,0,1,2,1,泰加山河只是范围名；地形植被、可见物件与观察空间层次不足；具体地点和文化主张来源未对应,选克麦罗沃州绍尔公开山河景观，补山林河岸的可见形态、静态观看位置与季节质感；以所选地点关联语言与文化保护资料，避免合并邻族世界观
B13,shuar-traditional,舒阿尔／阿鲁塔姆与亚马孙祈福传统（Shuar）,B,明显不足,True,舒阿尔公开河流园地与文化英雄说明,2,1,1,1,1,1,2,1,园地作物、陶器与河流空间的形制关系未展开，静态范围不足。；厄瓜多尔与秘鲁地方案例未选定；文化英雄主张缺来源对应。,选一处舒阿尔公开园地文化资料，补作物、陶器形制和河流园地位置，限定静态说明范围，关联 Nunkui 与地方农艺叙述出处。
B13,siassi-traditional,西阿西传统信仰与休恩湾祈福（Siassi）,B,明显不足,True,西阿西公开海湾航海文化风景说明,2,0,1,0,0,1,2,1,缺海湾岸线、公开舟船或贸易物件外观和空间关系，感官与静态范围不足。；相关休恩湾社群未落实到西阿西地方案例；主张缺来源对应。,选西阿西一处公开港岸资料，补海湾岸线、当地舟船或公开贸易器物形制及位置，限定静态范围并关联具体社群出处。
B14,sikhism,锡克教,B,部分齐备,True,古鲁庙 langar 朗格厅开放共餐旁观说明,2,1,2,2,1,1,2,1,大锅餐具的材料部件、朗格厅布局和餐食声音质感未写；未选地方古鲁庙实例；来源仅列表,选一处公开古鲁庙朗格厅资料，补大锅和餐具可见形制材质、成排座位与分餐观看位置、取餐至清理的公共观察变化和感官表现，并关联来源及当地布置选择
B14,sipakapense-traditional,西帕卡彭塞玛雅民间天主教与祖灵祈福（Sipakapense）,B,明显不足,True,西帕卡彭塞语言与玉米公共文化说明,2,1,1,0,0,1,2,1,玉米及公共聚落外观、空间关系和感官内容未展开，静态范围不足。；西帕卡帕具体地方案例未落实；主张缺来源对应。,选西帕卡帕一处社群公开文化资料，补玉米地与公共聚落外观、获准语言展示内容及静态范围，关联具体文化事实出处。
B14,solomon-islands-kastom,所罗门群岛习惯法与祖灵祈福（Solomon Islands kastom）,B,明显不足,True,所罗门群岛公开海岸村落与 kastom 文化说明,2,1,1,1,0,1,2,1,海岸村落、公开教堂或物件缺具体轮廓和位置关系，静态观看范围及感官内容不足。；诸岛差异未选定，概念主张缺来源对应。,选所罗门群岛一处公开海岸村落案例，补岸线、公共教堂或房屋外观及空间关系，明确静态范围与该岛 kastom 说明出处。
B14,somali-folk-islam,索马里民间伊斯兰与圣徒朝谒祈福（Somali）,B,明显不足,True,索马里清真寺外观与 siyaaro 文化概念说明,2,0,1,0,0,1,2,1,未选本土或流散地清真寺；外观材质部件、空间观看层次及视觉细节缺失；来源与建筑或 siyaaro 主张未对应,选索马里或明确流散地一处公开清真寺外观，补立面部件、材料、周边道路与观看位置、静态展示层次，给出对应出处并说明 siyaaro 的地方差异
B14,songhai-traditional,桑海民间伊斯兰与宁日尔河灵力祈福（Songhai／Songhay）,B,明显不足,True,桑海尼日尔河公共历史地理与口述文化说明,2,0,1,0,1,1,2,1,缺清真寺或公共叙事载体形制、河岸环境关系与静态范围。；马里与尼日尔版本未选定；神话与历史地理主张缺出处对应。,选尼日尔河中游一处桑海公开清真寺或叙事档案，补建筑或载体外观、河岸位置及说明范围，关联地方版本与神话事实出处。
B14,soninke-traditional,索宁克传统信仰与伊斯兰祈福（Soninke）,B,明显不足,True,索宁克历史地理与好客公共文化说明,2,0,1,0,0,1,2,1,缺具体地理节点、待客物件外观与环境，静态展示范围及感官内容不足。；萨赫勒诸国地方版本未落实；主张缺来源对应。,选一处索宁克公开商旅或好客案例，补萨赫勒聚落地名、公开生活器物及待客环境，限定图文范围并关联历史与伦理出处。
B14,soyot-traditional,索约特传统信仰与山灵—佛教祈福（Soyot）,B,明显不足,True,奥卡东萨彦圣山外部景观与山灵佛教并置说明,2,0,1,0,0,1,2,1,圣山仅地名，山形与背景关系、观看范围及视觉季节表现缺失；未选布仁汗或门库—萨尔达克切片及来源,选奥卡布仁汗或门库—萨尔达克一处公开外部山景，补山形、可见植被和远近关系、静态观看位置及季节光质；逐项关联当地山灵佛教并置主张来源，不补献供细节
B14,spiti-traditional,斯皮蒂藏传与山谷祈福（Spiti）,B,部分齐备,True,斯皮蒂开放寺院转经道静态礼仪说明,2,1,1,1,1,1,2,1,灯具哈达形制、转经道与寺院布局及静态观看范围不足。；未选具体开放寺院及地方习惯；主张缺来源关联。,选斯皮蒂一处公开寺院资料，补黄油灯与哈达外观、开放转经道位置和方向关系，限定静态范围并关联当地礼仪出处。
B14,sukuma-traditional,苏库马传统信仰与祖灵—基督教祈福（Sukuma）,B,明显不足,True,苏库马公开农业地理与歌舞文化说明,2,0,1,0,1,1,2,1,缺公开服饰乐器形制、演出空间与可见阶段，农业环境仅概念。；未选具体团体与地方展演；主张缺来源关联。,选维多利亚湖以南一场获准公开的苏库马歌舞，补服饰乐器外观、表演及观众位置、公开起止状态，并关联地方农业背景与展演出处。
B14,sumi-traditional,苏米／塞马那加基督教与传统祈福余绪（Sumi／Sema）,B,明显不足,True,苏米公开教会文化与信仰变迁说明,2,0,1,1,1,1,2,1,堂会和场合未选；教堂物件形制空间、公共唱诗具体观察变化和感官不足；来源未对应,选那加兰一处苏米公开堂会节期资料，补礼拜空间与可见物件的材质形制、观众位置和唱诗讲道的观察顺序及声音，明确地方宗派并关联来源
B14,sunuwar-traditional,苏努瓦尔传统信仰与穆克杜姆祈福（Sunuwar／Mukdum）,B,明显不足,True,苏努瓦尔 Mukdum 公开创造叙事说明,2,0,0,0,0,1,2,1,创造叙事缺公开具体片段及其图文载体、环境和静态说明范围。；跨境地方版本未选定；Mukdum 主张缺来源对应。,选尼泊尔东部苏努瓦尔已有公开研究的一则创造叙事，补获准引用的内容范围、文化载体及相关地方环境，明确版本和出处，不补吟诵教程。
B14,susu-traditional,苏苏传统信仰与伊斯兰祈福（Susu／Soussou）,B,明显不足,True,苏苏语言与几内亚公共港口地理说明,2,0,1,0,0,1,2,1,缺港口岸线、公共建筑或物件外观与空间，感官和静态范围不足。；几内亚与塞拉利昂地方语境未选定；主张缺来源对应。,选康纳克里一处有苏苏社群公开资料的港岸案例，补岸线、公共器物和语言展示实例，限定静态说明范围并关联地理文化出处。
B14,tagin-traditional,塔金传统信仰与东尼—波罗／基督教祈福（Tagin）,B,明显不足,True,塔金河谷教堂外观与信仰变迁时间线,2,0,1,0,0,1,2,1,未选河谷村落与教堂；建筑形制、背景与观看关系缺失；时间节点、可见表现及逐主张来源未写,选阿鲁纳恰尔塔金一处公开河谷村景和教堂外观，补建筑部件材料、地形与观看位置、静态内容顺序，并为信仰变迁节点和地域差异关联来源
B14,tamang-traditional,塔芒传统信仰与佛教—萨满祈福（Tamang）,B,明显不足,True,塔芒公开寺院山村外观文化说明,2,0,1,0,0,1,2,1,缺寺院村屋形制、山地布局及感官细节，静态范围不足。；地方寺院和信仰版本未选定；主张缺来源关联。,选尼泊尔一处塔芒公开山村寺院资料，补建筑轮廓、材质与聚落位置，限定静态范围并关联当地信仰并行事实出处。
B14,tami-traditional,塔米传统信仰与休恩湾祈福（Tami）,B,明显不足,True,获授权塔米馆藏木雕文化说明,2,1,1,1,1,1,2,1,木雕器型、纹饰与展陈空间没有展开，静态观看范围未定。；未选获授权具体藏品与地方版本；主张缺来源对应。,选塔米一件获授权公开馆藏木雕，补木材外观、轮廓和可公开纹饰、展陈位置及观看范围，注明藏品地方归属和形制出处。
B14,tangkhul-traditional,唐库尔那加基督教与传统祈福余绪（Tangkhul）,B,明显不足,True,乌克鲁尔唐库尔公开教会文化与信仰变迁说明,2,0,1,1,1,1,2,1,未选乌克鲁尔堂会与公开节期；礼拜物件材质形制、空间和具体音画过程缺失；来源未对应,选乌克鲁尔一处唐库尔公开教会资料，补礼拜空间、可见物件与观看位置、唱诗讲道的观察顺序和声音表现，并关联当地改宗史节点来源
B14,tangsa-traditional,唐萨传统信仰与朗弗赖教祈福（Tangsa／Rangfraism）,B,明显不足,True,唐萨认同与公开宗教光谱说明,2,0,1,0,0,1,2,1,缺公共崇拜建筑或史料载体形制、环境关系与静态范围。；唐萨支系和地方信仰版本未选定；主张缺来源对应。,选阿鲁纳恰尔一处唐萨公开 Rangfraism 文化资料，补公共场所或史料外观、山地聚落位置及说明范围，注明支系和改革主张出处。
B14,tanna-traditional,坦纳岛传统信仰与卡斯托姆—约翰·弗鲁姆祈福（Tanna）,B,明显不足,True,坦纳火山与 kastom 公共历史说明,2,1,1,0,0,1,2,1,缺火山外观、公共历史物件与环境关系，静态说明范围及感官内容不足。；坦纳具体地方社群未选定，运动与教会等语境需区分；主张缺出处对应。,选坦纳一处公开火山文化或社群历史资料，补山体轮廓、公共史料载体及所在环境，限定说明范围并关联地方自述出处。
B14,tao-yami,达悟／雅美族（Tao / Yami）,B,部分齐备,True,兰屿拼板舟外观与公开海洋历法说明,2,1,1,1,1,1,2,1,拼板舟材料部件、船纹可用范围和海岸鱼架关系不足；未选六部落与舟型；静态观看层次及逐主张来源欠缺,选兰屿一部落公开展示的拼板舟，补舟体材料、拼板和首尾部件、允许公开的纹样范围及海岸观看位置，写静态阅读层次和表面质感并关联来源，不补仿制或下水仪轨
B14,tboli-traditional,特博利传统信仰与心灵中介祈福（Tʼboli）,B,明显不足,True,获授权 Tʼnalak 织锦公共工艺文化说明,2,1,1,1,1,1,2,1,织锦载体、可公开图案及展陈空间没有展开，静态范围不足。；具体南哥打巴托社群或织者作品未选定；主张缺来源对应。,选一件获织者授权公开的南哥打巴托 Tʼnalak，补织物外观、可见纹样和展陈位置，限定说明范围，注明社群作品归属及工艺解释出处。
B15,teleut-traditional,特勒乌特传统信仰与萨满—东正教祈福（Teleut）,B,明显不足,True,巴恰特草原村屋与公开宇宙观说明,2,1,1,0,0,1,2,1,村屋外观、草原环境与位置关系缺失，静态范围及感官材料不足。；未落实具体地方房屋与历史层次；主张缺来源对应。,选巴恰特一处公开特勒乌特村屋资料，补房屋轮廓、外墙材质及草原环境，限定静态观看范围，按公开图志关联地方与宇宙观主张出处。
B15,temne-traditional,滕内传统信仰与伊斯兰—基督教祈福（Temne）,B,明显不足,True,滕内港口与稻作公共文化及信仰光谱说明,2,0,1,0,0,1,2,1,港口与稻田未选具体地点；环境物件、形制空间和静态观看内容及感官缺失；来源未对应,选塞拉利昂北部或西部一处滕内公开港口或稻田资料，补可见建筑农具形制、岸水田块空间与观看范围，明确城市乡村选择与视觉季节并关联来源
B15,tenrikyo,天理教（Tenrikyō）,B,明显不足,True,天理市本部公开外围参观文化说明,2,1,1,1,1,1,2,1,本部外围建筑形制、允许观看位置与静态范围未写，内部神乐细节不能替代。；本部与地方教会版本需落实，外围及文化主张缺来源对应。,选教团公开的天理市本部参观资料，补外围建筑轮廓、公开观看空间及说明范围，关联参观事实和欢喜生活解释出处。
B15,tepehuan-traditional,特佩瓦内民间天主教与山地祈福（Tepehuan／O'dam）,B,明显不足,True,特佩瓦内山—玉米公共文化说明,2,1,1,0,0,1,2,1,山体、玉米及公共聚落的外观与位置关系没有展开，静态范围不足。；南北支系未选定；主张与来源未对应。,选杜兰戈一处公开 O'dam 山地文化案例，补山体、玉米地与公共聚落外观，限定静态说明范围，注明支系及地方文化出处。
B15,tequistlatec-traditional,特基斯特拉特克／瓦哈卡琼塔尔民间天主教祈福（Tequistlatec／Oaxaca Chontal）,B,明显不足,True,瓦哈卡琼塔尔地理区分与主保圣人公共文化说明,2,0,1,1,0,1,2,1,沿海或山地社群与主保圣人未选；圣像教堂外观、空间和可见游行过程不足；来源未对应,选瓦哈卡南部一处明确 Tequistlatec 社群主保节，补公开圣像与教堂外观材质形制、街道观看关系及可见过程和声音，逐项关联来源并与塔巴斯科 Yokot'an 区分
B15,teso-traditional,特索传统宗教与祖灵祈福（Teso／Iteso）,B,明显不足,True,特索公开牧农地理与生计文化说明,2,0,1,0,0,1,2,1,缺牧农公共物件、田地畜群可见外观与位置关系，感官及静态范围不足。；乌干达与肯尼亚地方案例未选定；主张缺来源对应。,选乌干达东部一处特索公开牧农资料，补田地、畜群或生活器物外观与聚落位置，限定静态说明范围并关联地方生计文化出处。
B15,tetela-traditional,特特拉传统信仰与祖灵—基督教祈福（Tetela）,B,明显不足,True,特特拉地理—公开教会信仰说明,2,0,1,0,0,1,2,1,缺具体教堂或农耕物件外观、环境关系与感官材料，静态范围未定。；桑库鲁与马涅马地方案例未选定；主张缺来源对应。,选桑库鲁一处特特拉公开教堂资料，补建筑外观、周围农耕环境与位置关系，限定图文范围并关联具体地方和信仰主张出处。
B15,tetum-timor,东帝汶德顿民间天主教与乌卢克祈福余绪（Tetum／Timor-Leste）,B,明显不足,True,东帝汶公开教堂海岸外观与天主教习惯法并行说明,2,0,1,0,0,1,2,1,未选德顿语地方教堂；立面材质部件、海岸背景空间和观看层次缺失；地域差异与主张来源不足,选东帝汶一处德顿语社区公开教堂外观，补建筑部件材质、海岸或街道关系与静态观察范围和视觉表现，并关联天主教与习惯法并行主张来源；不描写 lulik 内部
B15,thadou-traditional,塔斗／库基基督教与传统祈福余绪（Thadou）,B,明显不足,True,塔斗公开语言与教会文化说明,2,0,1,0,1,1,2,1,缺公开文字或教会载体形制、环境与静态说明范围，唱诗仅概念。；曼尼普尔具体堂会或地方版本未选定；主张缺来源对应。,选曼尼普尔一处塔斗公开语言或教堂资料，补获准文字载体或建筑外观、所在聚落和静态范围，注明地方版本及文化主张出处。
B15,thakali-traditional,塔卡利传统信仰与藏喜马拉雅商路祈福（Thakali）,B,明显不足,True,塔科拉公开商路地图与村寨文化说明,2,0,1,0,0,1,2,1,缺村屋或商路公共物件的外观与环境关系，感官及静态范围不足。；不同家庭信仰与地方版本未落实；主张缺来源对应。,选塔科拉一处塔卡利公开商路村寨，补村屋外观、道路与山地关系、地图节点及说明范围，注明地方版本与文化并行主张出处。
B15,tharu-traditional,塔鲁传统信仰与森林神—印度教祈福（Tharu）,B,明显不足,True,塔鲁特莱农景与森林伦理说明,2,0,1,0,0,1,2,1,未选尼泊尔或印度支系地点；湿地森林农田形态、工具空间与观看层次和感官缺失；来源未对应,选尼泊尔或印度一处塔鲁公开特莱农景，补农田湿地和森林边界关系、可见农具形制与静态观察内容及季节光质，明确地方支系并关联森林伦理来源
B15,theyyam-kerala,喀拉拉特耶姆仪式祈福（Theyyam／Kaliyattam）,B,部分齐备,True,获准公开的 Theyyam 妆冠与 kavu 夜景文化说明,2,1,1,1,2,1,2,1,妆冠轮廓、可见彩绘色彩及 kavu 夜间观看空间不足，静态图鉴范围需限定。；近四百种形式未选具体地方角色；外观与文化主张缺出处对应。,选 Kannur 一则获准公开的 Theyyam 妆冠记录，补冠体轮廓、公开彩绘外观、kavu 灯火及观看位置，限定图鉴范围并关联具体形式出处。
B15,tikar-traditional,蒂卡尔传统信仰与喀麦隆草原祈福（Tikar）,B,明显不足,True,蒂卡尔草原公共市集文化说明,2,0,1,0,0,1,2,1,缺市集摊位、公开生活物件形制与草原空间，感官及静态范围不足。；未选蒂卡尔具体市集和地方版本；主张缺出处对应。,选喀麦隆一处蒂卡尔公开市集文化资料，补摊位、生活器物及草原聚落关系，限定观看范围并关联具体地方出处。
B15,tikopia-traditional,提科皮亚传统信仰与基督教—酋长祈福（Tikopia）,B,明显不足,True,提科皮亚岛外部景观与生态互惠说明,2,0,1,0,0,1,2,1,景观类型写为环礁／火山岛未明确取舍；海岸山地聚落可见形态、观看层次及感官缺失；来源未对应,依据提科皮亚公开资料确认所选岛景地形类型，补岸线、山体与聚落关系和静态观看范围及视觉特征，注明当代或历史时段并关联生态伦理与信仰主张来源
B15,tikuna-traditional,蒂库纳传统信仰与亚马孙祈福（Tikuna／Ticuna）,B,明显不足,True,蒂库纳地图与公开神话人物文化说明,2,1,1,0,0,1,2,1,缺河岸景观、公开叙事载体形制和空间关系，静态范围与感官内容不足。；巴西哥伦比亚秘鲁版本未选定；神话人物主张缺来源对应。,选一处蒂库纳社群公开河岸及神话资料，补河道与聚落外观、地图位置和获准叙事范围，注明地方版本并关联 Ta'e、Yo'i 的公开出处。
B15,tiwa-traditional,提瓦传统信仰与印度教—山地祈福（Tiwa／Lalung）,B,明显不足,True,提瓦公开山地村寨文化地理说明,2,1,1,0,0,1,2,1,缺村屋轮廓、山地空间及公开观看位置，静态说明范围与感官材料不足。；丘陵与平原提瓦未选定；主张缺来源对应。,限定阿萨姆—梅加拉亚丘陵一处提瓦公开村寨，补公共村屋外观及山地位置，界定静态范围，关联地方版本与文化地理出处。
B15,tlapanec-traditional,特拉帕内克民间天主教与山灵祈福（Tlapanec／Meꞌphaa）,B,明显不足,True,Meꞌphaa 语言文化只读介绍,2,0,1,0,0,1,2,1,语言卡无具体公开物件或环境实例、展示层次和感官；未选语言地方变体；文化主张未对应来源,选格雷罗一处 Meꞌphaa 公开语言文化资料，补一个可公开文化物件或日常环境的外观及阅读层次，明确语言变体和地域差异并建立逐主张来源，不增添疗愈或暴力情节
B15,toba-qom-traditional,托巴／科姆传统信仰与格兰查科祈福（Toba／Qom）,B,明显不足,True,格兰查科 Qom 风光地图与语言权利说明,2,0,1,0,0,1,2,1,未选阿根廷或巴拉圭 Qom 地点；森林聚落可见形制空间、静态阅读内容和感官缺失；来源未对应,选格兰查科一处公开 Qom 地理与教育资料，补森林或聚落外观、地图节点和观看层次及季节视觉表现，注明国家地方自称和时期并关联语言权利主张来源
B15,tohono-oodham-traditional,托霍诺奥德姆传统信仰与索诺兰祈福（Tohono O'odham）,B,明显不足,True,托霍诺奥德姆索诺兰公共沙漠文化说明,2,1,1,0,1,1,2,1,缺莎瓜罗、公共教堂或沙漠农田的形制与位置关系，静态观看范围未定。；亚利桑那与索诺拉地方版本未选定；主张缺来源对应。,选托霍诺奥德姆文化中心公开的一处索诺兰景观资料，补莎瓜罗轮廓、农田或公共教堂外观及环境关系，限定范围并关联社群出处。
B15,tojolabal-traditional,托霍拉瓦尔玛雅民间天主教与祖灵祈福（Tojolabal）,B,明显不足,True,恰帕斯托霍拉瓦尔语言与玉米伦理说明,2,0,1,0,0,1,2,1,玉米及农田外观、空间和静态展示层次缺失；未选恰帕斯地方社区与时期；来源未对应,选恰帕斯东南一处托霍拉瓦尔公开语言农事资料，补玉米与田地可见形态、环境关系和静态阅读顺序及季节视觉表现，明确社区与时期并关联互惠文化来源
B16,toraja,托拉查／祖先之道（Toraja / Aluk Todolo）,B,部分齐备,True,公开 Tongkonan 祖屋谷仓外观与祖先伦理说明,2,1,1,1,1,1,2,1,祖屋墙体支撑与谷仓形制、相互空间关系及静态观看范围不足；未选开放聚落与公开资格；来源未逐物件关联,选塔纳托拉查一处已公开祖屋聚落，补 tongkonan 木构马鞍屋顶与墙体支撑、alang 谷仓位置和观看范围及表面特征，明确当地外观变体并关联来源，排除未开放家屋墓葬
B16,tripuri-traditional,特里普里传统信仰与十四神祈福（Tripuri）,B,明显不足,True,特里普里文化地理与十四神公共概念说明,2,0,1,0,0,1,2,1,缺十四神公开建筑或展品形制、场所空间与感官细节，静态范围不明。；王室传统与当代不同社群未落实到案例；主张缺来源对应。,选特里普拉一处公开十四神文化资料，补允许展示的建筑或展品外观、公共观看位置与说明范围，明确地方版本并关联概念主张出处。
B16,trobriand-traditional,特罗布里恩传统信仰与库拉—祖先祈福（Trobriand／Kiriwina）,B,明显不足,True,基里维纳 Kula 互惠伦理只读地图说明,2,1,1,1,0,1,2,1,项圈臂镯材质形制与公开观看范围未写；地图节点航线和流转解释不具体；未选岛屿伙伴网络与时代及主张来源,选基里维纳相关一组公开 Kula 资料，补项圈或臂镯可见材料部件、地图节点与航海空间关系和只读展示顺序，注明网络及时期并逐项关联来源；不做收集或咒语步骤
B16,tsachila-traditional,察奇拉／科罗拉多传统信仰与萨满祈福（Tsáchila／Colorado）,B,明显不足,True,察奇拉低地森林与公共天主教节庆文化说明,2,1,1,1,0,1,2,1,未选圣多明各地方堂区节期；教堂服饰形制材质、森林与公共观看位置、可见过程及感官不足；来源未对应,选圣多明各·德洛斯·察奇拉斯一处公开天主教节庆，补教堂与可公开服饰外观、低地环境和旁观位置、公共游行状态及声音，注明地方时段并关联来源，不补染发或萨满教程
B16,tsonga-traditional,聪加传统宗教与祖灵祈福（Tsonga／Shangaan）,B,明显不足,True,聪加公开村社与教堂文化说明,2,0,1,0,0,1,2,1,缺教堂或村屋形制、公共环境关系及感官内容，静态范围不足。；跨境名称与地方版本未选定；主张缺来源对应。,选林波波一处聪加公开教堂或村社资料，补建筑外观、聚落位置及静态观看范围，注明当地自称与信仰并行主张出处。
B16,tswana-traditional,茨瓦纳／巴特瓦纳传统宗教与巴迪莫祈福（Tswana / Badimo）,B,部分齐备,True,茨瓦纳高原宅院牛栏与家庭分享伦理说明,2,1,1,1,0,1,2,1,宅院牛栏形制材质和相互位置未写；食物分享只可概念未描述静态观看内容与感官；未选博茨瓦纳或南非地方及对应来源,选博茨瓦纳或南非一处公开茨瓦纳宅院外观，补院落与牛栏部件材料和空间观看关系、食物分享的只读说明层次及视觉细节，明确地方时段并关联伦理来源，不要求真 tirelo 步骤
B16,tuamotu-traditional,土阿莫土传统信仰与天主教—环礁祈福余绪（Tuamotu）,B,明显不足,True,土阿莫土环礁地图与公开教堂外观气候说明,2,0,1,0,0,1,2,1,未选环礁堂区和时期；礁岸潟湖教堂形态、空间位置及观看层次感官缺失；来源未对应,选土阿莫土一处公开环礁和教堂外观，补潟湖岸线与聚落关系、教堂部件材质及地图观看层次和视觉特征，注明记录时期并关联气候与文化来源
B16,tuareg-traditional,图阿雷格沙漠游牧信仰与祝福传统（Tuareg）,B,部分齐备,True,图阿雷格公开营地与银饰文字文化说明,2,1,1,1,2,1,2,1,营帐、银饰器型及公开字样外观没有展开，营地布局与静态范围不足。；跨国地方版本未选定；具体工艺与文化主张缺来源对应。,选一处图阿雷格社群公开营地及工艺资料，补营帐轮廓、银饰形状、获准字样和夜间环境关系，限定观看范围，注明地方版本与出处。
B16,tumbuka-traditional,通布卡传统信仰与祖灵—基督教祈福（Tumbuka）,B,明显不足,True,马拉维北部通布卡农耕教会文化与信仰光谱说明,2,0,1,0,0,1,2,1,未选村落堂会场合；农田教堂物件、形制空间、静态观看层次及感官不足；来源未对应,选马拉维北部一处通布卡公开农耕村景或教堂外观，补可见建筑农具材质形制与田地道路关系、观看层次及季节表现，明确堂区选择并关联来源；不补 Vimbuza 疗愈细节
B16,turkmen-traditional,土库曼民间伊斯兰与圣地祈福传统（Turkmen）,B,明显不足,True,土库曼绿洲聚落与公开地毯纹样文化说明,2,1,1,0,0,1,2,1,未选土库曼地方绿洲与公开地毯实例；织物材料纹样部件、聚落空间关系与观看层次感官缺失；来源未对应,选一处土库曼公开绿洲聚落与一件可公开地毯资料，补建筑岸水位置和织物材料纹样外观、静态观察层次及表面质感，明确地方所属与时期并关联来源，不补 ziyarat 还愿动作
B16,tzotzil-maya,佐齐尔玛雅民间天主教与山灵祈福（Tzotzil）,B,明显不足,True,佐齐尔高地村落与太阳月亮公共象征说明,2,1,1,0,0,1,2,1,村屋、教堂外观及高地空间关系未展开，静态范围和感官材料不足。；Chamula 与 Zinacantán 未选定；太阳月亮象征缺地方主张来源关联。,限定 Chamula 或 Zinacantán 一处公开外部景观，补村屋及教堂外观、观看位置与静态范围，将太阳月亮象征对应当地公开来源。
B16,tzutujil-traditional,楚图希尔玛雅民间天主教与阿蒂特兰祈福（Tz'utujil）,B,部分齐备,True,阿蒂特兰湖岸公开主保瞻礼静态场景,2,1,1,1,0,1,2,1,未选湖岸城镇主保节；蜡烛花具与教堂形制、湖岸观看关系和静态层次及视觉表现不足；来源未对应,选阿蒂特兰湖岸一处公开楚图希尔主保瞻礼，补教堂与蜡烛鲜花外观、湖岸或广场观看位置及静态说明层次和光质表现，明确地方圣人与日期并逐项关联来源
B16,udege-traditional,乌德盖传统信仰与泰加萨满祈福（Udege）,B,明显不足,True,锡霍特—阿林乌德盖泰加河流与生态文化说明,2,0,1,0,0,1,2,1,泰加河岸地形植被和公开物件、空间观看层次感官缺失；未选地方河段及时期；来源未对应,选锡霍特—阿林乌德盖一处公开河流景观，补植被岸线与聚落可见形态、静态观看位置及季节色质表现，明确河段及地方文化适用范围并关联生态主人灵主张来源
B16,udmurt-traditional,乌德穆尔特传统宗教（Vorshud／Lud）,B,部分齐备,True,Vorshud 桦皮容器与 kuala 百科空间说明,2,2,2,1,1,1,2,2,容器外形尺度、木屋可见轮廓及静态图示范围仍不足。；地域版本尚未落实；历史空间描述需与所选公开图示逐项关联。,选一件公开图示或馆藏 Vorshud，补桦皮容器轮廓与尺度关系、后壁架及 kuala 外观，限定图示范围，注明地域与历史说明出处。
B16,ukrainian-folk,乌克兰民间东正教与朝圣—节日祈福（Ukrainian）,B,明显不足,True,乌克兰公开教堂外观与民俗节庆年历说明,2,0,1,0,0,1,2,1,未选具体教堂与节期；建筑形制空间、年历静态阅读层次及感官不足；地域教派和时期及来源未对应,选一处乌克兰公开教堂外观及公开节庆年历，补立面材料部件、观看范围和节期阅读顺序及视觉表现，注明地域教派与记录时期并关联来源，不加入战争情节
B16,ulchi-traditional,乌尔奇传统信仰与阿穆尔河萨满祈福（Ulchi／Ulch）,B,明显不足,True,阿穆尔下游乌尔奇河流鱼汛文化说明,2,0,1,0,0,1,2,1,未选阿穆尔下游河段与鱼汛时期；岸线渔村物件、形制空间与观看层次感官缺失；来源未对应,选一处乌尔奇公开渔村河段资料，补岸线和可见渔具或房屋外观、空间观看位置和鱼汛季节静态说明层次及视觉表现，逐项关联物候与文化来源，不补送灵
B16,uyghur-mazar,维吾尔麻扎朝拜与民间祈福传统（Uyghur Mazar／Ziyarat）,B,部分齐备,True,非指称具体地点的绿洲陵园历史示意说明,2,1,1,1,2,1,2,1,陵园轮廓、黄土绿洲空间及旗布可见形制不足，静态示意范围需限定。；不同历史时期外观未选定；各示意元素与学术主张缺来源对应。,依据现有麻扎历史研究选定一个叙述时期，补非指称绿洲陵园的地貌、旗布外观及空间关系，写清示意范围和每项历史依据。
B16,vanuatu-kastom,瓦努阿图习惯法与祈福传统（Vanuatu kastom）,B,部分齐备,True,经许可公开沙画几何外观与记忆媒介说明,2,1,1,2,2,1,2,2,公开图案与具体地面材料未选择，线条轮廓、场地观看关系不足；缺许可图案所属社群与变体边界,选瓦努阿图文化机构许可公开的一幅沙画及所属社群，补所用地面材质、网格线条外观与观看位置，写仅旁观图案形成的状态变化；关联 UNESCO 与具体图案例证，保留限制性释义
B16,vedda,维达人／瓦尼亚拉埃托（Vedda / Wanniyalaeto）,B,部分齐备,True,维达干燥区森林岩厦与公开蜂蜜弓箭文化图鉴,2,1,1,1,0,1,2,1,未选地方公开岩厦或藏品；弓箭棚体材料形制、森林岩厦空间与静态观看层次感官不足；来源未对应且历史当代需分清,选斯里兰卡维达公开档案中一处可展示岩厦或一件弓箭，补材料部件和环境观看位置、静态图鉴阅读层次及表面特征，注明地方与历史当代时期并关联来源，排除墓地禁地与仪式箭舞
B16,vietnamese-folk,越南民间信仰,B,明显不足,True,越南公共庙宇外观文化说明,2,1,1,1,1,1,2,1,公共庙宇轮廓、入口与观看位置不足；家庭陈设过程不能移作公共外观。；未选南北地方庙宇版本；公共建筑及文化主张缺来源对应。,选越南一处公开庙宇外观资料，补建筑轮廓、入口、公开可见香花与观看位置，限定静态范围并关联地方建筑和祈福说明出处。
B17,vili-traditional,维利传统信仰与海岸刚果祈福（Vili）,B,明显不足,True,维利卢安戈海岸港口历史与信仰光谱说明,2,0,1,0,0,1,2,1,港口物件建筑形制和海岸空间缺失；未选刚果或加蓬地点及时期；观看层次感官与来源对应不足,选卢安戈相关一处公开港口历史资料，补对应时期码头或建筑可见外观与岸线关系、静态阅读层次和视觉细节，注明维利地方归属并关联来源
B17,wa-traditional,佤族传统信仰与木鼓祈福余绪（Wa）,B,部分齐备,True,佤族公开木鼓房外观与非暴力文化转型说明,2,1,1,1,0,1,2,1,木鼓与鼓房材料部件形制、摆放关系和静态观看层次感官未写；未选沧源或西盟公开场地；来源未对应,选沧源或西盟一处许可公开木鼓房外观，补鼓体与房屋可见部件材质、空间摆放及观看层次和表面质感，明确当地当代展陈形式并关联文化转型来源；不补拉鼓真仪
B17,waaqeffanna,奥罗莫瓦克法纳与伊里查感恩节（Waaqeffanna／Irreecha）,B,部分齐备,True,Hora Arsadi 湖畔 Irreecha 公共感恩节观览,2,1,1,2,2,2,2,1,鲜草及当地服饰形制、湖岸观看位置与人群空间仍不足。；所选年度外观和公开过程缺逐条来源对应，不能以 Gadaa 来源替代 Irreecha 事实。,补 Hora Arsadi 一次公开 Irreecha 记录中的鲜草、服饰外观与湖岸观众位置，明确年度及可见阶段，将节期和过程分别关联对应研究。
B17,wallis-futuna-traditional,瓦利斯与富图纳传统信仰与天主教—习惯法祈福（Wallis and Futuna）,B,明显不足,True,瓦利斯或富图纳教堂海岸外观与习惯法并行说明,2,0,1,0,0,1,2,1,未选 ʻUvea 或 Futuna 具体教堂；立面部件材质、海岸空间和观看层次感官不足；来源未逐主张对应,选 ʻUvea 或 Futuna 一处公开教堂外观，补建筑材料部件、岸线村落关系、静态观看内容与色质表现，明确岛屿和堂区并关联天主教习惯法说明来源，不补酋长卡瓦秘仪
B17,wayuu-traditional,瓦尤人传统信仰与祈福（Wayuu／Guajiro）,B,部分齐备,True,获邀 Yonna 公开欢庆庭院远观与社群伦理说明,2,1,1,1,1,1,2,1,未选哥伦比亚或委内瑞拉社区公开场次；鼓服饰材质形制、庭院观看关系与舞蹈可见状态感官未具体；来源未对应,选瓜希拉一处获公开记录的 Yonna 欢庆，补鼓与服饰外观材料、舞者和来宾旁观位置及公共运动声音特征，写清当地邀请条件和场次选择并关联来源，不补舞步或疗愈脚本
B17,wolaita-traditional,沃莱塔基督教与托萨传统祈福余绪（Wolaita／Wolaitta）,B,明显不足,True,沃莱塔高地公开教堂文化史说明,2,0,1,0,1,1,2,1,教堂或文化史载体形制、高地空间及静态说明范围不足，唱诗只作概念。；教派与地方历史层次未落实到案例；主张缺来源对应。,选沃莱塔一处公开教堂或文化史档案，补建筑或史料外观、高地聚落位置及静态说明范围，明确教派与历史主张出处。
B17,wolof-traditional,沃洛夫民间伊斯兰与生命礼仪祈福（Wolof／Ouolof）,B,部分齐备,True,沃洛夫 Korité 公开节日街景与家庭互惠说明,2,1,1,2,1,1,2,1,未选塞内加尔或冈比亚社群与 Korité 场次；服饰建筑材质形制、街景观看关系、具体感官及逐主张来源不足,选达喀尔或冈比亚一处公开 Korité 街景资料，补服饰与清真寺外观、访友街道和旁观位置及公开活动状态和声音，注明教团地方差异并关联来源；不复现护符或疗愈
B17,xhosa-traditional,科萨传统祖先敬拜与生命礼仪（Xhosa Traditional）,B,部分齐备,True,东开普科萨院落畜栏公开外观与祖先中介说明,2,1,1,1,0,1,2,1,陶器与院落畜栏形制部件、相互空间关系和静态观看层次感官不足；未选东开普具体公开村落；来源未对应,选东开普一处可公开科萨院落外观，补陶器和畜栏可见形制材料、房屋院落空间与观看位置及视觉质感，明确地方氏族与当代时期并关联祖先中介说明来源
B17,xibe-traditional,锡伯传统信仰与萨满—西迁记忆祈福（Xibe／Sibe）,B,明显不足,True,锡伯西迁历史时间线与公共纪念说明,2,0,1,1,1,1,2,1,公共纪念物形制、场地及可见阶段缺失；西迁时间线仅有总体记忆。；察布查尔与东北版本未选定；纪念事实缺来源对应。,选察布查尔一则公开西迁节记录，补纪念物外观、公共场地与可见活动阶段，整理有出处的西迁时间节点并说明展示范围。
B17,yaawo-traditional,姚人（马拉维／莫桑比克）传统信仰与伊斯兰—祖灵祈福（Yaawo／Yao）,B,明显不足,True,非洲姚人公开贸易地理与伊斯兰信仰说明,2,0,1,0,0,1,2,1,未选马拉维莫桑比克或坦桑尼亚地点；贸易路线、聚落外观及观看层次感官缺失；来源未对应,选马拉维南部或莫桑比克北部一处非洲 Yaawo 公开贸易地理资料，补路线节点与可见聚落或清真寺外观、空间观看顺序和视觉表现，注明时期与族群范围并关联来源
B17,yakkha-traditional,雅克哈传统信仰与蒙图姆祈福（Yakkha）,B,明显不足,True,东尼泊尔雅克哈认同与语言文化介绍,2,0,1,0,0,1,2,1,语言卡缺公开文化物件或环境实例、空间与阅读层次感官；未选雅克哈具体地方变体；来源未关联自身传统，不能借赖林布代替,选东尼泊尔雅克哈公开语言文化资料，补一处日常山地环境或可公开文化物件外观及图文观看层次，明确地方语言变体并关联主张来源，与赖和林布区分
B17,yao-mien,瑶族／勉（Yao / Iu Mien）,B,明显不足,True,获授权瑶勉公开挂像图鉴文化说明,2,1,1,1,1,1,2,2,没有选具体获授权挂像，其画面、载体轮廓和展陈空间不足，静态图鉴范围未定。；勉与蓝靛及跨境地方版本需明确，具体藏品信息尚未关联出处。,选获授权公开的一件瑶勉挂像图录，补画面可见构图、载体外观与展陈位置，限定图鉴范围，注明支系地域和藏品及象征解释出处。
B17,yaqui-yoeme,雅基／约埃梅（Yaqui / Yoeme）,B,部分齐备,True,Yoeme 公开鹿舞文物外观图鉴与花之世界说明,2,1,1,1,2,1,2,2,未选索诺拉或亚利桑那具体公开藏品；鹿首饰葫芦茧响器部件材质和静态展示位置层次不足；文物与仪式表演边界需落实到选件,选 NMAI 公开鹿舞展陈中的一件物品，补可见材料、部件轮廓和展陈观看位置与图鉴阅读顺序，注明藏品地方时期和表面特征并细化引用；不将响器描述改为舞步或鹿歌教学
B17,yi-bimoism,彝族毕摩教祈福与指路经（Yi Bimoism）,B,部分齐备,True,彝族火把节会场外围与公开服饰说明,2,1,1,1,1,1,2,1,未选云南四川等地方支系与公开场次；火把服饰材料形制、会场观看关系与可见状态感官不足；来源未对应,选一处明确地方支系的公开彝族火把节外围，补火把和服饰外观材料部件、火光会场与观众位置、只读观看状态与声音，关联地方节期来源而不引入毕摩经文或指路程序
B17,yokotan-traditional,约科坦／塔巴斯科琼塔尔玛雅民间天主教祈福（Yokot'an／Chontal de Tabasco）,B,明显不足,True,约科坦语言—玉米与湿地公共文化说明,2,1,1,0,0,1,2,1,玉米、公共聚落及湿地外观与位置关系缺失，静态范围和感官材料不足。；塔巴斯科具体社群未选定；检索型馆藏入口未关联具体主张。,选塔巴斯科一处约科坦公开文化案例，补玉米田、湿地与公共聚落外观及语言展示内容，限定说明范围，关联具体作品或文献出处。
B17,yucatec-maya,尤卡坦玛雅民间天主教与哈纳尔皮克山祈福（Yucatec Maya）,B,明显不足,True,Hanal Pixán 公开祭坛外观概念与节期说明,2,1,1,1,0,1,2,1,未选公共展陈祭坛实例和地域；供食花具与坛体材质形制、空间与静态观看内容感官不足；来源未关联具体半岛变体,选尤卡坦半岛一处公开 Hanal Pixán 文化展陈祭坛，补坛体和食物花具可见外观材料、展示位置及静态阅读层次和感官，说明公开展陈区别于私人家祭并关联地方来源
B17,yugur-traditional,裕固传统信仰与藏传佛教—萨满祈福（Yugur）,B,明显不足,True,祁连山裕固牧景与东西部信仰差异说明,2,0,1,0,0,1,2,1,未选肃南具体东西部群体地点；牧场寺院外观材料形制、山地空间与观看层次感官不足；来源未对应,选肃南一处明确东西部语言群体的公开牧景或寺院外观，补可见房屋或牧业物件形制、山体草地与观看位置及季节色质，逐项关联地方信仰差异来源
B17,yukaghir-traditional,尤卡吉尔传统信仰与萨满祈福（Yukaghir／Yukagir）,B,明显不足,True,尤卡吉尔苔原泰加与濒危语言公共说明,2,1,1,0,1,1,2,1,河流、苔原泰加及公共建筑的形态和空间关系未展开，静态范围不足。；具体科雷马社群与语言版本未选定；地理语言主张缺来源对应。,选科雷马一处尤卡吉尔公开社群资料，补河岸、泰加与公共建筑外观及位置，限定静态范围，注明语言版本和环境文化出处。
B17,zapotec-traditional,萨波特克／云之民传统祈福（Zapotec／Ben'Zaa）,B,部分齐备,True,瓦哈卡萨波特克村镇广场与公共圣人游行远观,2,1,1,1,0,1,2,1,未选中央谷地或地峡等地方圣人日；圣像教堂部件材质、广场与远观位置、队伍可见变化和感官不足；来源未对应,选瓦哈卡一处萨波特克村镇公开主保节，补圣像或仪仗、教堂广场外观材质形制、远观位置及游行可见状态和声音，注明地方语言与节期并关联来源
B17,zhuang-mo,壮族麽教／布洛陀信仰（Zhuang／Mo）,B,部分齐备,True,田阳敢壮山公共布洛陀文化节外围与说明卡,2,1,1,1,1,2,2,1,敢壮山舞台展板及山体外观形制材料与观看位置未写；公开歌舞史诗展演状态和感官不足；来源未逐主张关联,补田阳敢壮山一场公开文化节外围的舞台展板材质外观、山体背景与观众观看关系、只读歌舞展演状态和声音，注明场次与旅游展演取舍并关联地方来源；不补布麽开坛程序
B18,zoque-traditional,索克民间天主教与山地祈福（Zoque）,B,明显不足,True,索克玉米—圣人公共概念说明,2,1,1,0,0,1,2,1,玉米和公开圣人文化载体形制、山地场所关系没有展开，静态范围与感官材料不足。；不同州地方版本未选定；主张缺来源对应。,选恰帕斯一处索克公开主保节或文化资料，补玉米、公开圣人图像载体及聚落外观，限定静态说明范围并关联地方出处。
B18,zoroastrianism,琐罗亚斯德教,B,明显不足,True,琐罗亚斯德火庙许可外围与洁净观念说明,2,0,1,1,0,1,2,1,伊朗或印度帕西火庙未选择；外围可见建筑部件材质、观看范围与静态内容层次缺失；视觉及逐主张来源不足,选伊朗或印度一处火庙许可外围公开资料，补可見立面材料部件、外院与观看位置及静态说明层次和光质，明确游客可见范围并关联来源；不补内殿圣火维护或 Yasna 程序
S01,app-celtic-folk-spring,泉边一念（App 已接入体验）,seed,部分齐备,True,虚拟泉边投放无面值信物并在木牌留短愿的原创体验；不做古代礼仪复原,1,1,1,1,1,1,2,1,古代水边奉献与后世布条圣井在一张卡中，原创泉边切片的文化参照未单列。；泉池边缘、信物材质轮廓、木牌位置和入水后的运动／保留状态没有足够文字。；投物与木牌设计属于原创，现有参考列表未逐项对应具体文化陈述。,单列泉边原创体验的文化说明：区分古代水边器物奉献、后世 clootie 民俗和本产品投放信物＋木牌，不将三者称为同一真实仪轨。；补泉面与岸边、信物及木牌的空间和材质文字；写出停驻—放物—入水变化—留愿—结束，不必指定代码实现。；给选定的文化参照配对应来源，配色、波纹与纪念物保留方式明确写为产品决定。
S01,app-crane,折一只纸鹤（App 种子体验）,seed,部分齐备,True,一张方纸形成单只纸鹤的当代祝愿工艺意象；四段演出摘要，不称完整折纸教程,2,2,1,1,2,2,2,2,四段只给出情绪提示和成品轮廓，缺每段起始纸形、折痕位置、翻面／展开方式及结束纸形。；没有明确选择桌面／抽象舞台、纸的正反面、成品朝向和书写位置；现有折叠图不能代替用户要求的文字说明。,为方纸—中间纸形—翼颈尾—成鹤四段各写一段可视化描述，明确压缩的真实工艺步骤和产品转场，保证纸面连续且不宣称四步完整教学。；补一段原创舞台说明，选定纸面位置、观察方向、成品姿态及短愿呈现方式；保留连鹤工艺史、战后和平纪念与当代祝愿三层分述。
S01,app-furin-wind-chime,风铃一响（App 已接入体验）,seed,部分齐备,True,江户玻璃风铃的夏日静听意象与下系纸短册；不作风铎历史复原或驱邪仪轨,2,1,1,1,1,2,2,2,江户玻璃铃身形状、铃舌与系线／纸短册的部件关系未具体描述。；挂在哪里、风如何作用于短册、碰撞发声后怎样停稳只有摘要；神道卡不提供这些形制细节。；已有简介仍带风铎演变叙述，开发说明应避开未核实起源扩大表述。,围绕选定江户玻璃风铃补文字剖面关系：铃身开口、铃舌、线和纸短册的连接、悬挂点及观看位置；未考据细节标为产品选择。；写风动／轻触—短册带动—铃内碰撞—轻响—衰减停稳的状态描述和玻璃音色方向，无需准备实际音频文件。；文化介绍先限当代夏日工艺与美学，风铎起源史保留待核实，来源对应到已有政府刊物线索。
S01,app-lantern,点一盏心愿灯（App 种子体验）,seed,部分齐备,True,木架固定悬挂的暖黄纸灯与心愿牌，由暗转亮的原创祝愿体验；不升空、不漂河,2,2,1,1,2,2,2,2,虽选定木架悬挂，仍缺灯与牌各自如何连接木架、牌的相对位置和展示背景的文字。；安放—点亮三段提示与简介中的点亮、写愿、悬挂尚未形成唯一可理解的过程；牌从空白到带文字的变化未描述。,补固定木架切片的部件与空间文字：架体、灯罩上下圈口、悬挂连接、心愿牌位置及观看方向；木架形制标为原创设计决定。；选择并写清安放、写愿、挂牌、点亮的顺序及每段起止状态，描述由暗到暖亮和牌签轻摆；保留原创身份及不升空／不漂河边界。
S01,app-tanzaku-tanabata,短册系竹（App 已接入体验）,seed,部分齐备,True,以仙台七夕纸短册为文化说明参照，写短愿并系于笹竹的原创片段,2,1,1,1,0,2,2,2,色纸短册轮廓、书写面、系绳连接和竹枝悬挂位置尚未用文字确定。；只有选纸—写字—悬挂摘要，没有挂接与收尾的可见状态，也未说明是否风动。；产品引用 shinto 元数据并不替代短册工艺与仙台岁时资料，需单独维护依据。,补短册的长短比例、纸面及孔／系绳选型、竹枝形态与牌面朝向，未考据比例标为原创决定。；按选纸、书愿、挂接、完成后停驻／轻摆写状态文字，并独立引用七夕／仙台资料，避免从神道卡推导所有短册习俗。
S01,app-theravada-water,花水位一倾（App 已接入体验）,seed,部分齐备,True,宋干公开浴佛意象改编的香花水倾注与合掌片段；不混浇水回向、供衣或授戒,2,1,1,1,1,1,2,1,佛像、瓶和承水器的材料、姿态、位置及选用地区实例未写。；花瓣置入何处与倾注的先后、液体流向及停止／完成状态有歧义。；现有 Songkran 来源是列表，未对应器型和过程中的事实主张。,选定一个宋干公开浴佛参照，补佛像姿态、倾水器、接水位置、花瓣与水流的文字关系；不索取授戒或供衣主持脚本。；写清水从哪里流到哪里、花瓣放置时点、倾注停止和合掌结束的状态，原创演出部分与传统描述分栏说明。；把宋干浴佛事实和器物依据逐条关联来源，避免将 Grot Nam 浇水回向解释成同一动作。
S01,app-woodfish,敲一敲木鱼（App 种子体验）,seed,文字齐备,True,圆型腹空木鱼置于软垫，以木槌轻敲的原创静心练习；不包含完整课诵,2,2,2,2,2,2,2,2,非阻断性编辑缺口：文化笔记、产品形制和动作说明分散于三个文件，尚无一篇面向设计者的整合说明。,把圆型木鱼、木槌、软垫、木纹色调、敲击接触—反弹—停稳与接触声整理为一份独立文字规格；明确造型与敲击次数是产品选择，木材细分及微表面不是历史测绘结论。
S01,app-yeondeunghoe,燃灯上浮（App 已接入体验）,seed,范围待厘清,True,韩国燃灯会公开莲灯制作／点亮意象；上浮是否为原创演出待说明,1,1,1,1,1,1,1,1,燃灯会与圆佛教卡的关联没有仓库依据；上浮标题也未声明为原创灯海演出或实际放飞。；莲灯骨架、罩面、莲瓣结构、连接以及灯海中的位置与运动未描述。,先单列韩国燃灯会公开节庆资料，明确不以圆佛教卡作为该体验依据；补说明上浮是原创视觉演出还是具名文化动作，当前文字不支持真实放飞归属。；范围定好后补莲灯材料部件、制作／点亮的起止状态、灯海排列与运动；逐主张关联已有 UNESCO 研究线索，不把游行缩为真实礼仪通关。
